gsis_id,season,source,pass_yards,pass_tds,interceptions,rush_yards,rush_tds,receptions,rec_yards,rec_tds,points
00-0023459,2026,espn,3772.282852,20.18926362,11.11930345,99.73045638,0.890494388,0.0,0.0,0.0,224.72577362599998
00-0025565,2026,espn,0.0,0.0,0.0,0.0,0.0,0.0,0.0,0.0,0.0
00-0026158,2026,espn,164.8331785,1.317193925,0.688697415,1.172322829,0.017373466,0.0,0.0,0.0,10.7061810889
00-0026190,2026,espn,0.0,0.0,0.0,0.0,0.0,0.0,0.0,0.0,0.0
00-0026300,2026,espn,0.0,0.0,0.0,0.0,0.0,0.0,0.0,0.0,0.0
00-0026498,2026,espn,4281.608063,34.92611058,9.69449278,39.41661123,0.587122538,0.0,0.0,0.0,299.044175631
00-0026858,2026,espn,0.0,0.0,0.0,0.0,0.0,0.0,0.0,0.0,0.0
00-0027940,2026,espn,0.0,0.0,0.0,0.0,0.0,0.0,0.0,0.0,0.0
00-0027962,2026,espn,0.0,0.0,0.0,0.0,0.0,0.0,0.0,0.0,0.0
00-0027969,2026,espn,0.0,0.0,0.0,0.0,0.0,0.0,0.0,0.0,0.0
00-0028118,2026,espn,135.9092633,0.851790479,0.515750047,12.35614111,0.070343861,0.0,0.0,0.0,9.469709630999999
00-0028872,2026,espn,0.0,0.0,0.0,0.0,0.0,0.0,0.0,0.0,0.0
00-0029604,2026,espn,832.3889651,4.101762909,2.682510863,10.96681758,0.255175397,0.0,0.0,0.0,46.965322654
00-0029607,2026,espn,0.0,0.0,0.0,0.0,0.0,0.0,0.0,0.0,0.0
00-0029692,2026,espn,0.0,0.0,0.0,0.0,0.0,0.0,0.0,0.0,0.0
00-0029822,2026,espn,0.0,0.0,0.0,0.0,0.0,0.0,0.0,0.0,0.0
00-0029892,2026,espn,0.0,0.0,0.0,18.59247679,0.150979786,20.42068487,161.5030114,0.942765679,44.99270647899999
00-0030070,2026,espn,0.0,0.0,0.0,0.0,0.0,0.0,0.0,0.0,0.0
00-0030092,2026,espn,0.0,0.0,0.0,0.0,0.0,0.0,0.0,0.0,0.0
00-0030140,2026,espn,0.0,0.0,0.0,0.0,0.0,0.0,0.0,0.0,0.0
00-0030279,2026,espn,0.0,0.0,0.0,0.0,0.0,55.09480582,539.4685816,2.680758251,125.12621348600001
00-0030294,2026,espn,0.0,0.0,0.0,0.0,0.0,0.0,0.0,0.0,0.0
00-0030506,2026,espn,0.0,0.0,0.0,0.0,0.0,73.93902906,772.8911069,4.547582994,178.513637714
00-0030506,2026,fantasypros,,,,,,75.3,786.3,4.9,183.33
00-0030565,2026,espn,3815.216003,20.4058202,14.35380989,220.1197872,1.042591859,0.0,0.0,0.0,233.79183101399997
00-0031040,2026,espn,0.0,0.0,0.0,0.0,0.0,0.0,0.0,0.0,0.0
00-0031136,2026,espn,0.0,0.0,0.0,0.0,0.0,0.0,0.0,0.0,0.0
00-0031203,2026,espn,0.0,0.0,0.0,0.0,0.0,0.0,0.0,0.0,0.0
00-0031235,2026,espn,0.0,0.0,0.0,0.0,0.0,9.226309695,113.207113,0.604850957,24.176126737
00-0031237,2026,espn,0.0,0.0,0.0,0.0,0.0,0.0,0.0,0.0,0.0
00-0031270,2026,espn,0.0,0.0,0.0,0.0,0.0,0.0,0.0,0.0,0.0
00-0031364,2026,espn,0.0,0.0,0.0,0.0,0.0,0.0,0.0,0.0,0.0
00-0031381,2026,espn,0.0,0.0,0.0,0.0,0.0,67.5043756,1016.457058,10.59792766,232.73764736
00-0031408,2026,espn,0.0,0.0,0.0,0.0,0.0,56.73188696,893.9264618,5.823251875,181.06404439
00-0031411,2026,espn,0.0,0.0,0.0,0.0,0.0,0.0,0.0,0.0,0.0
00-0031492,2026,espn,0.0,0.0,0.0,0.0,0.0,0.0,0.0,0.0,0.0
00-0031503,2026,espn,163.228228,0.920398582,0.899004646,2.661352364,0.027378822,0.0,0.0,0.0,8.8431223244
00-0031565,2026,espn,0.0,0.0,0.0,0.0,0.0,0.0,0.0,0.0,0.0
00-0031576,2026,espn,0.0,0.0,0.0,0.0,0.0,0.0,0.0,0.0,0.0
00-0031583,2026,espn,0.0,0.0,0.0,0.0,0.0,0.0,0.0,0.0,0.0
00-0031588,2026,espn,0.0,0.0,0.0,0.0,0.0,71.07824061,726.4113249,3.446735008,164.39978314799998
00-0031595,2026,espn,0.0,0.0,0.0,17.70882097,0.101585571,4.224935847,26.71467914,0.14647608,10.155655764
00-0031610,2026,espn,0.0,0.0,0.0,0.0,0.0,43.06901933,473.4209432,4.021118265,114.53782324000001
00-0031898,2026,espn,0.0,0.0,0.0,0.0,0.0,0.0,0.0,0.0,0.0
00-0031933,2026,espn,0.0,0.0,0.0,0.0,0.0,0.0,0.0,0.0,0.0
00-0031957,2026,espn,0.0,0.0,0.0,0.0,0.0,0.0,0.0,0.0,0.0
00-0032052,2026,espn,0.0,0.0,0.0,0.0,0.0,0.0,0.0,0.0,0.0
00-0032065,2026,espn,0.0,0.0,0.0,0.0,0.0,0.0,0.0,0.0,0.0
00-0032103,2026,espn,0.0,0.0,0.0,0.0,0.0,0.0,0.0,0.0,0.0
00-0032146,2026,espn,0.0,0.0,0.0,0.0,0.0,0.0,0.0,0.0,0.0
00-0032164,2026,espn,0.0,0.0,0.0,0.0,0.0,0.0,0.0,0.0,0.0
00-0032268,2026,espn,166.0544952,0.964315679,0.671883327,9.784311314,0.055985746,0.0,0.0,0.0,10.4700214774
00-0032378,2026,espn,0.0,0.0,0.0,0.0,0.0,0.0,0.0,0.0,0.0
00-0032387,2026,espn,0.0,0.0,0.0,0.0,0.0,0.0,0.0,0.0,0.0
00-0032392,2026,espn,0.0,0.0,0.0,0.0,0.0,20.56053108,181.1551317,0.823832932,43.619041842
00-0032424,2026,espn,0.0,0.0,0.0,0.0,0.0,0.0,0.0,0.0,0.0
00-0032442,2026,espn,0.0,0.0,0.0,0.0,0.0,0.0,0.0,0.0,0.0
00-0032464,2026,espn,0.0,0.0,0.0,27.1624984,0.159518405,19.17305102,186.8596444,0.894492802,46.899332541999996
00-0032569,2026,espn,0.0,0.0,0.0,0.0,0.0,0.0,0.0,0.0,0.0
00-0032580,2026,espn,0.0,0.0,0.0,0.0,0.0,0.0,0.0,0.0,0.0
00-0032667,2026,espn,0.0,0.0,0.0,0.0,0.0,0.0,0.0,0.0,0.0
00-0032726,2026,espn,0.0,0.0,0.0,0.0,0.0,0.0,0.0,0.0,0.0
00-0032759,2026,espn,0.0,0.0,0.0,0.0,0.0,0.0,0.0,0.0,0.0
00-0032762,2026,espn,0.0,0.0,0.0,0.0,0.0,0.0,0.0,0.0,0.0
00-0032764,2026,espn,0.0,0.0,0.0,1483.529148,13.14420738,21.38322276,210.3339079,1.199562374,276.83214687400005
00-0032764,2026,fantasypros,,,,1569.8,13.4,18.1,175.1,0.7,277.19
00-0032775,2026,espn,0.0,0.0,0.0,0.0,0.0,3.278813762,43.89526864,0.308518875,9.519453876
00-0032889,2026,espn,0.0,0.0,0.0,0.0,0.0,0.0,0.0,0.0,0.0
00-0032943,2026,espn,0.0,0.0,0.0,0.0,0.0,0.0,0.0,0.0,0.0
00-0032951,2026,espn,0.0,0.0,0.0,0.0,0.0,0.0,0.0,0.0,0.0
00-0033038,2026,espn,0.0,0.0,0.0,0.0,0.0,0.0,0.0,0.0,0.0
00-0033051,2026,espn,0.0,0.0,0.0,0.0,0.0,0.0,0.0,0.0,0.0
00-0033055,2026,espn,0.0,0.0,0.0,0.0,0.0,0.0,0.0,0.0,0.0
00-0033066,2026,espn,0.0,0.0,0.0,0.0,0.0,0.0,0.0,0.0,0.0
00-0033073,2026,espn,0.0,0.0,0.0,0.0,0.0,0.0,0.0,0.0,0.0
00-0033077,2026,espn,4112.444761,29.82532773,11.89629537,186.3377335,2.146683572,0.0,0.0,0.0,291.52038540200004
00-0033077,2026,fantasypros,4291.2,30.9,11.3,173.4,1.7,,,,300.18799999999993
00-0033090,2026,espn,0.0,0.0,0.0,0.0,0.0,55.61822471,628.6449698,5.275236599,150.134141284
00-0033093,2026,espn,0.0,0.0,0.0,0.0,0.0,0.0,0.0,0.0,0.0
00-0033106,2026,espn,4216.054218,29.04658789,9.956288718,49.47162963,0.680041196,0.0,0.0,0.0,273.943352983
00-0033109,2026,espn,0.0,0.0,0.0,0.0,0.0,0.0,0.0,0.0,0.0
00-0033110,2026,espn,0.0,0.0,0.0,0.0,0.0,15.28149722,154.4223621,1.249760519,38.222296544
00-0033119,2026,espn,3354.476516,14.90802869,9.183333407,209.9340727,1.30305741,0.0,0.0,0.0,204.25626031600004
00-0033120,2026,espn,0.0,0.0,0.0,0.0,0.0,0.0,0.0,0.0,0.0
00-0033131,2026,espn,0.0,0.0,0.0,0.0,0.0,0.0,0.0,0.0,0.0
00-0033132,2026,espn,0.0,0.0,0.0,0.0,0.0,0.0,0.0,0.0,0.0
00-0033217,2026,espn,0.0,0.0,0.0,0.0,0.0,10.65599914,113.8464926,0.923097008,27.579230448000004
00-0033246,2026,espn,0.0,0.0,0.0,0.0,0.0,3.45390061,35.39347759,0.208808659,8.246100323
00-0033269,2026,espn,0.0,0.0,0.0,0.0,0.0,0.0,0.0,0.0,0.0
00-0033280,2026,espn,0.0,0.0,0.0,1130.92564,9.156026711,79.07141742,681.541849,4.745925303,343.729878404
00-0033280,2026,fantasypros,,,,1094.6,8.7,78.4,691.8,4.6,336.84000000000003
00-0033281,2026,espn,0.0,0.0,0.0,0.0,0.0,0.0,0.0,0.0,0.0
00-0033288,2026,espn,0.0,0.0,0.0,0.0,0.0,74.27874571,809.7216924,5.624819295,188.99983072
00-0033288,2026,fantasypros,,,,,,69.4,787.6,6.2,185.36
00-0033293,2026,espn,0.0,0.0,0.0,652.2526531,3.2103758,47.01429982,344.2282282,2.080010536,178.40470596599997
00-0033294,2026,espn,0.0,0.0,0.0,0.0,0.0,0.0,0.0,0.0,0.0
00-0033297,2026,espn,0.0,0.0,0.0,0.0,0.0,0.0,0.0,0.0,0.0
00-0033303,2026,espn,0.0,0.0,0.0,0.0,0.0,0.0,0.0,0.0,0.0
00-0033307,2026,espn,0.0,0.0,0.0,0.0,0.0,22.76023298,239.2138902,0.664568926,50.669035556000004
00-0033319,2026,espn,179.4566185,1.13575518,0.843997452,3.392607796,0.028219279,0.0,0.0,0.0,10.5418670096
00-0033336,2026,espn,0.0,0.0,0.0,0.0,0.0,0.0,0.0,0.0,0.0
00-0033347,2026,espn,0.0,0.0,0.0,0.0,0.0,0.0,0.0,0.0,0.0
00-0033376,2026,espn,0.0,0.0,0.0,0.0,0.0,3.92067897,26.81237386,0.134444191,7.4085815020000005
00-0033381,2026,espn,0.0,0.0,0.0,0.0,0.0,0.0,0.0,0.0,0.0
00-0033393,2026,espn,0.0,0.0,0.0,0.0,0.0,0.0,0.0,0.0,0.0
00-0033400,2026,espn,0.0,0.0,0.0,0.0,0.0,0.0,0.0,0.0,0.0
00-0033523,2026,espn,0.0,0.0,0.0,0.0,0.0,0.0,0.0,0.0,0.0
00-0033526,2026,espn,0.0,0.0,0.0,440.6152182,3.349348399,18.79689601,139.3608802,0.742146502,101.343475256
00-0033537,2026,espn,1284.230382,5.413446677,4.3710874,130.3507142,0.614287453,0.0,0.0,0.0,81.001623326
00-0033546,2026,espn,0.0,0.0,0.0,0.0,0.0,0.0,0.0,0.0,0.0
00-0033548,2026,espn,0.0,0.0,0.0,0.0,0.0,0.0,0.0,0.0,0.0
00-0033551,2026,espn,0.0,0.0,0.0,0.0,0.0,0.0,0.0,0.0,0.0
00-0033553,2026,espn,0.0,0.0,0.0,0.0,0.0,0.0,0.0,0.0,0.0
00-0033555,2026,espn,0.0,0.0,0.0,0.0,0.0,21.48808589,257.6416826,1.59680609,56.833090690000006
00-0033576,2026,espn,0.0,0.0,0.0,0.0,0.0,3.421359977,34.38486443,0.298095185,8.64841753
00-0033579,2026,espn,0.0,0.0,0.0,0.0,0.0,0.0,0.0,0.0,0.0
00-0033589,2026,espn,0.0,0.0,0.0,0.0,0.0,0.0,0.0,0.0,0.0
00-0033702,2026,espn,0.0,0.0,0.0,0.0,0.0,0.0,0.0,0.0,0.0
00-0033729,2026,espn,0.0,0.0,0.0,0.0,0.0,0.0,0.0,0.0,0.0
00-0033783,2026,espn,0.0,0.0,0.0,0.0,0.0,0.0,0.0,0.0,0.0
00-0033787,2026,espn,0.0,0.0,0.0,0.0,0.0,0.0,0.0,0.0,0.0
00-0033857,2026,espn,0.0,0.0,0.0,0.0,0.0,0.0,0.0,0.0,0.0
00-0033860,2026,espn,0.0,0.0,0.0,0.0,0.0,0.0,0.0,0.0,0.0
00-0033862,2026,espn,0.0,0.0,0.0,0.0,0.0,0.0,0.0,0.0,0.0
00-0033868,2026,espn,0.0,0.0,0.0,0.0,0.0,0.0,0.0,0.0,0.0
00-0033869,2026,espn,154.218907,0.68116384,0.712713714,2.498569964,0.048501294,0.0,0.0,0.0,8.008848972400001
00-0033870,2026,espn,0.0,0.0,0.0,0.0,0.0,0.0,0.0,0.0,0.0
00-0033872,2026,espn,0.0,0.0,0.0,0.0,0.0,0.0,0.0,0.0,0.0
00-0033873,2026,espn,4000.820842,26.39185377,11.65786089,326.9709797,3.265225959,0.0,0.0,0.0,294.57298070400003
00-0033876,2026,espn,0.0,0.0,0.0,0.0,0.0,0.0,0.0,0.0,0.0
00-0033877,2026,espn,0.0,0.0,0.0,0.0,0.0,0.0,0.0,0.0,0.0
00-0033881,2026,espn,0.0,0.0,0.0,0.0,0.0,47.2561997,464.7499788,2.190516572,106.87429701200001
00-0033885,2026,espn,0.0,0.0,0.0,0.0,0.0,39.87216828,416.7293841,3.854790027,104.673846852
00-0033886,2026,espn,0.0,0.0,0.0,0.0,0.0,0.0,0.0,0.0,0.0
00-0033890,2026,espn,0.0,0.0,0.0,0.0,0.0,0.0,0.0,0.0,0.0
00-0033906,2026,espn,0.0,0.0,0.0,451.2286731,2.102155794,32.8758244,221.8408793,0.897499313,118.180710282
00-0033908,2026,espn,0.0,0.0,0.0,0.0,0.0,37.85217409,471.6831993,2.82219176,101.95364458
00-0033914,2026,espn,0.0,0.0,0.0,0.0,0.0,0.0,0.0,0.0,0.0
00-0033921,2026,espn,0.0,0.0,0.0,0.0,0.0,60.36605527,700.6785854,4.543470662,157.694737782
00-0033928,2026,espn,0.0,0.0,0.0,0.0,0.0,0.0,0.0,0.0,0.0
00-0033935,2026,espn,0.0,0.0,0.0,0.0,0.0,0.0,0.0,0.0,0.0
00-0033941,2026,espn,0.0,0.0,0.0,0.0,0.0,0.0,0.0,0.0,0.0
00-0033945,2026,espn,0.0,0.0,0.0,0.0,0.0,0.0,0.0,0.0,0.0
00-0033947,2026,espn,0.0,0.0,0.0,0.0,0.0,0.0,0.0,0.0,0.0
00-0033949,2026,espn,132.9248591,0.915972113,0.592914642,6.774311421,0.096272055,0.0,0.0,0.0,9.0501170041
00-0033952,2026,espn,0.0,0.0,0.0,0.0,0.0,0.0,0.0,0.0,0.0
00-0033964,2026,espn,0.0,0.0,0.0,0.0,0.0,0.0,0.0,0.0,0.0
00-0034116,2026,espn,0.0,0.0,0.0,0.0,0.0,0.0,0.0,0.0,0.0
00-0034160,2026,espn,0.0,0.0,0.0,0.0,0.0,0.0,0.0,0.0,0.0
00-0034161,2026,espn,0.0,0.0,0.0,0.0,0.0,0.0,0.0,0.0,0.0
00-0034162,2026,espn,0.0,0.0,0.0,0.0,0.0,0.0,0.0,0.0,0.0
00-0034163,2026,espn,0.0,0.0,0.0,0.0,0.0,0.0,0.0,0.0,0.0
00-0034173,2026,espn,0.0,0.0,0.0,0.0,0.0,0.0,0.0,0.0,0.0
00-0034234,2026,espn,0.0,0.0,0.0,0.0,0.0,0.0,0.0,0.0,0.0
00-0034264,2026,espn,0.0,0.0,0.0,0.0,0.0,0.0,0.0,0.0,0.0
00-0034270,2026,espn,0.0,0.0,0.0,0.0,0.0,3.682308695,37.9224052,0.252263683,8.988131313
00-0034277,2026,espn,0.0,0.0,0.0,0.0,0.0,0.0,0.0,0.0,0.0
00-0034278,2026,espn,0.0,0.0,0.0,0.0,0.0,0.0,0.0,0.0,0.0
00-0034285,2026,espn,0.0,0.0,0.0,0.0,0.0,0.0,0.0,0.0,0.0
00-0034302,2026,espn,0.0,0.0,0.0,0.0,0.0,0.0,0.0,0.0,0.0
00-0034320,2026,espn,0.0,0.0,0.0,0.0,0.0,0.0,0.0,0.0,0.0
00-0034333,2026,espn,0.0,0.0,0.0,0.0,0.0,0.0,0.0,0.0,0.0
00-0034344,2026,espn,0.0,0.0,0.0,0.0,0.0,0.0,0.0,0.0,0.0
00-0034348,2026,espn,0.0,0.0,0.0,0.0,0.0,69.18599936,894.9565062,7.615268045,204.37325825
00-0034350,2026,espn,0.0,0.0,0.0,0.0,0.0,0.0,0.0,0.0,0.0
00-0034351,2026,espn,0.0,0.0,0.0,0.0,0.0,70.62137978,725.7005499,5.685054782,177.301763462
00-0034351,2026,fantasypros,,,,,,65.5,689.2,7.6,180.02
00-0034355,2026,espn,0.0,0.0,0.0,0.0,0.0,0.0,0.0,0.0,0.0
00-0034356,2026,espn,0.0,0.0,0.0,0.0,0.0,0.0,0.0,0.0,0.0
00-0034357,2026,espn,0.0,0.0,0.0,0.0,0.0,0.0,0.0,0.0,0.0
00-0034361,2026,espn,0.0,0.0,0.0,0.0,0.0,0.0,0.0,0.0,0.0
00-0034365,2026,espn,0.0,0.0,0.0,0.0,0.0,3.805033775,35.98093234,0.150721208,8.307454257
00-0034371,2026,espn,0.0,0.0,0.0,0.0,0.0,0.0,0.0,0.0,0.0
00-0034373,2026,espn,0.0,0.0,0.0,0.0,0.0,0.0,0.0,0.0,0.0
00-0034376,2026,espn,0.0,0.0,0.0,0.0,0.0,0.0,0.0,0.0,0.0
00-0034377,2026,espn,0.0,0.0,0.0,0.0,0.0,0.0,0.0,0.0,0.0
00-0034381,2026,espn,0.0,0.0,0.0,0.0,0.0,0.0,0.0,0.0,0.0
00-0034383,2026,espn,0.0,0.0,0.0,0.0,0.0,59.51274696,552.4343576,3.076593725,133.21574507
00-0034384,2026,espn,0.0,0.0,0.0,0.0,0.0,0.0,0.0,0.0,0.0
00-0034386,2026,espn,0.0,0.0,0.0,0.0,0.0,3.088846787,41.3190225,0.222706218,8.556986345
00-0034391,2026,espn,0.0,0.0,0.0,0.0,0.0,0.0,0.0,0.0,0.0
00-0034397,2026,espn,0.0,0.0,0.0,0.0,0.0,0.0,0.0,0.0,0.0
00-0034413,2026,espn,0.0,0.0,0.0,0.0,0.0,0.0,0.0,0.0,0.0
00-0034419,2026,espn,0.0,0.0,0.0,0.0,0.0,0.0,0.0,0.0,0.0
00-0034431,2026,espn,0.0,0.0,0.0,0.0,0.0,0.0,0.0,0.0,0.0
00-0034437,2026,espn,0.0,0.0,0.0,0.0,0.0,0.0,0.0,0.0,0.0
00-0034446,2026,espn,0.0,0.0,0.0,0.0,0.0,0.0,0.0,0.0,0.0
00-0034465,2026,espn,0.0,0.0,0.0,0.0,0.0,0.0,0.0,0.0,0.0
00-0034473,2026,espn,0.0,0.0,0.0,0.0,0.0,0.0,0.0,0.0,0.0
00-0034485,2026,espn,0.0,0.0,0.0,0.0,0.0,0.0,0.0,0.0,0.0
00-0034488,2026,espn,0.0,0.0,0.0,0.0,0.0,0.0,0.0,0.0,0.0
00-0034573,2026,espn,0.0,0.0,0.0,0.0,0.0,0.0,0.0,0.0,0.0
00-0034577,2026,espn,138.1059861,0.9199325,0.704413351,2.931224865,0.042130814,0.0,0.0,0.0,8.341050112500001
00-0034613,2026,espn,0.0,0.0,0.0,0.0,0.0,13.08529563,110.2791338,0.896264414,29.490795493999997
00-0034657,2026,espn,0.0,0.0,0.0,0.0,0.0,0.0,0.0,0.0,0.0
00-0034673,2026,espn,0.0,0.0,0.0,0.0,0.0,0.0,0.0,0.0,0.0
00-0034675,2026,espn,0.0,0.0,0.0,0.0,0.0,0.0,0.0,0.0,0.0
00-0034720,2026,espn,0.0,0.0,0.0,0.0,0.0,0.0,0.0,0.0,0.0
00-0034721,2026,espn,0.0,0.0,0.0,0.0,0.0,0.0,0.0,0.0,0.0
00-0034753,2026,espn,0.0,0.0,0.0,34.76867387,0.673729532,57.93920688,617.5310286,7.092310165,169.76541530900002
00-0034754,2026,espn,0.0,0.0,0.0,0.0,0.0,0.0,0.0,0.0,0.0
00-0034760,2026,espn,0.0,0.0,0.0,0.0,0.0,0.0,0.0,0.0,0.0
00-0034771,2026,espn,0.0,0.0,0.0,0.0,0.0,0.0,0.0,0.0,0.0
00-0034773,2026,espn,0.0,0.0,0.0,0.0,0.0,0.0,0.0,0.0,0.0
00-0034775,2026,espn,0.0,0.0,0.0,0.0,0.0,9.698186034,129.2267483,0.830916054,27.606357188
00-0034778,2026,espn,0.0,0.0,0.0,0.0,0.0,0.0,0.0,0.0,0.0
00-0034779,2026,espn,0.0,0.0,0.0,0.0,0.0,0.0,0.0,0.0,0.0
00-0034780,2026,espn,0.0,0.0,0.0,0.0,0.0,0.0,0.0,0.0,0.0
00-0034782,2026,espn,0.0,0.0,0.0,0.0,0.0,0.0,0.0,0.0,0.0
00-0034789,2026,espn,0.0,0.0,0.0,0.0,0.0,0.0,0.0,0.0,0.0
00-0034790,2026,espn,0.0,0.0,0.0,0.0,0.0,0.0,0.0,0.0,0.0
00-0034794,2026,espn,0.0,0.0,0.0,0.0,0.0,0.0,0.0,0.0,0.0
00-0034796,2026,espn,3887.323727,26.02822842,9.713594068,671.2387306,3.689931744,0.0,0.0,0.0,329.44213814799997
00-0034796,2026,fantasypros,3652.1,28.3,9.6,640.4,3.2,,,,323.324
00-0034798,2026,espn,0.0,0.0,0.0,0.0,0.0,9.824795121,94.02609704,0.733640251,23.629246331
00-0034800,2026,espn,0.0,0.0,0.0,0.0,0.0,0.0,0.0,0.0,0.0
00-0034805,2026,espn,0.0,0.0,0.0,0.0,0.0,0.0,0.0,0.0,0.0
00-0034810,2026,espn,0.0,0.0,0.0,0.0,0.0,0.0,0.0,0.0,0.0
00-0034815,2026,espn,0.0,0.0,0.0,0.0,0.0,0.0,0.0,0.0,0.0
00-0034825,2026,espn,0.0,0.0,0.0,0.0,0.0,0.0,0.0,0.0,0.0
00-0034827,2026,espn,0.0,0.0,0.0,35.95570866,0.387858216,67.15210902,945.3103109,6.980206499,209.487099266
00-0034828,2026,espn,0.0,0.0,0.0,0.0,0.0,0.0,0.0,0.0,0.0
00-0034829,2026,espn,0.0,0.0,0.0,0.0,0.0,32.17868967,312.8449259,3.723319452,85.803098972
00-0034832,2026,espn,0.0,0.0,0.0,0.0,0.0,0.0,0.0,0.0,0.0
00-0034837,2026,espn,0.0,0.0,0.0,32.09635539,0.247633526,43.34476591,677.8076522,3.379212829,136.096244799
00-0034843,2026,espn,0.0,0.0,0.0,0.0,0.0,0.0,0.0,0.0,0.0
00-0034844,2026,espn,0.0,0.0,0.0,1285.40769,8.68948144,43.21056407,371.1262123,2.310463507,274.863623982
00-0034844,2026,fantasypros,,,,1299.1,8.2,41.7,330.4,2.1,266.45
00-0034855,2026,espn,3823.193723,24.61003101,11.5934355,323.2404651,1.390371845,0.0,0.0,0.0,268.84727954000005
00-0034856,2026,espn,0.0,0.0,0.0,0.0,0.0,0.0,0.0,0.0,0.0
00-0034857,2026,espn,3946.319073,26.2661675,11.56657841,579.902447,12.45115907,0.0,0.0,0.0,372.48147522
00-0034857,2026,fantasypros,3816.8,27.4,11.2,586.0,11.8,,,,369.272
00-0034869,2026,espn,4013.101829,24.04415261,12.35117139,125.5924239,0.849201469,0.0,0.0,0.0,249.65279202399998
00-0034874,2026,espn,0.0,0.0,0.0,0.0,0.0,0.0,0.0,0.0,0.0
00-0034941,2026,espn,0.0,0.0,0.0,0.0,0.0,0.0,0.0,0.0,0.0
00-0034959,2026,espn,0.0,0.0,0.0,0.0,0.0,4.194368295,28.45487398,0.22536582,8.392050613
00-0034960,2026,espn,0.0,0.0,0.0,31.98720172,0.287246121,69.82367621,767.056593,5.2071094,182.69418880799998
00-0034966,2026,espn,0.0,0.0,0.0,0.0,0.0,0.0,0.0,0.0,0.0
00-0034967,2026,espn,0.0,0.0,0.0,0.0,0.0,0.0,0.0,0.0,0.0
00-0034968,2026,espn,0.0,0.0,0.0,0.0,0.0,0.0,0.0,0.0,0.0
00-0034973,2026,espn,0.0,0.0,0.0,0.0,0.0,0.0,0.0,0.0,0.0
00-0034974,2026,espn,0.0,0.0,0.0,0.0,0.0,0.0,0.0,0.0,0.0
00-0034975,2026,espn,0.0,0.0,0.0,223.4133361,1.360529149,39.42861557,348.8466732,1.669603398,114.83541178200001
00-0034981,2026,espn,0.0,0.0,0.0,0.0,0.0,7.655816605,78.82543177,0.582539655,19.033597712000002
00-0034982,2026,espn,0.0,0.0,0.0,0.0,0.0,0.0,0.0,0.0,0.0
00-0034987,2026,espn,0.0,0.0,0.0,0.0,0.0,0.0,0.0,0.0,0.0
00-0034993,2026,espn,0.0,0.0,0.0,0.0,0.0,0.0,0.0,0.0,0.0
00-0035020,2026,espn,0.0,0.0,0.0,0.0,0.0,0.0,0.0,0.0,0.0
00-0035021,2026,espn,0.0,0.0,0.0,26.257715,0.174251066,10.01647544,125.505537,0.589682823,29.776403974
00-0035026,2026,espn,0.0,0.0,0.0,0.0,0.0,0.0,0.0,0.0,0.0
00-0035100,2026,espn,162.7277389,1.047440992,0.720863859,5.491950857,0.085579817,0.0,0.0,0.0,10.319819793699999
00-0035125,2026,espn,0.0,0.0,0.0,8.593452118,0.080450989,7.924675243,58.67107577,0.225689456,16.487970701800002
00-0035133,2026,espn,0.0,0.0,0.0,0.0,0.0,0.0,0.0,0.0,0.0
00-0035144,2026,espn,0.0,0.0,0.0,0.0,0.0,0.0,0.0,0.0,0.0
00-0035156,2026,espn,0.0,0.0,0.0,0.0,0.0,0.0,0.0,0.0,0.0
00-0035166,2026,espn,0.0,0.0,0.0,0.0,0.0,0.0,0.0,0.0,0.0
00-0035190,2026,espn,0.0,0.0,0.0,0.0,0.0,0.0,0.0,0.0,0.0
00-0035192,2026,espn,0.0,0.0,0.0,0.0,0.0,0.0,0.0,0.0,0.0
00-0035208,2026,espn,0.0,0.0,0.0,0.0,0.0,14.29400137,142.3048131,0.63053698,32.30770456
00-0035227,2026,espn,0.0,0.0,0.0,0.0,0.0,0.0,0.0,0.0,0.0
00-0035228,2026,espn,3347.272825,19.47900672,9.950698802,443.77711,3.090454144,0.0,0.0,0.0,254.82597814000002
00-0035229,2026,espn,0.0,0.0,0.0,0.0,0.0,77.69752456,639.4173809,2.819933429,158.558863224
00-0035230,2026,espn,0.0,0.0,0.0,0.0,0.0,0.0,0.0,0.0,0.0
00-0035236,2026,espn,0.0,0.0,0.0,0.0,0.0,0.0,0.0,0.0,0.0
00-0035239,2026,espn,0.0,0.0,0.0,0.0,0.0,0.0,0.0,0.0,0.0
00-0035240,2026,espn,0.0,0.0,0.0,0.0,0.0,0.0,0.0,0.0,0.0
00-0035244,2026,espn,0.0,0.0,0.0,0.0,0.0,0.0,0.0,0.0,0.0
00-0035248,2026,espn,0.0,0.0,0.0,0.0,0.0,0.0,0.0,0.0,0.0
00-0035249,2026,espn,0.0,0.0,0.0,0.0,0.0,16.64975094,150.8323575,1.134724097,38.541331272
00-0035250,2026,espn,0.0,0.0,0.0,0.0,0.0,0.0,0.0,0.0,0.0
00-0035253,2026,espn,0.0,0.0,0.0,0.0,0.0,0.0,0.0,0.0,0.0
00-0035254,2026,espn,0.0,0.0,0.0,0.0,0.0,0.0,0.0,0.0,0.0
00-0035261,2026,espn,0.0,0.0,0.0,1044.209803,5.445213137,29.69802336,182.6100798,0.494946542,188.020969714
00-0035262,2026,espn,0.0,0.0,0.0,0.0,0.0,0.0,0.0,0.0,0.0
00-0035264,2026,espn,161.5158527,1.104422934,0.584027208,6.778589091,0.049661009,0.0,0.0,0.0,10.6860963911
00-0035269,2026,espn,0.0,0.0,0.0,0.0,0.0,0.0,0.0,0.0,0.0
00-0035272,2026,espn,0.0,0.0,0.0,0.0,0.0,0.0,0.0,0.0,0.0
00-0035276,2026,espn,0.0,0.0,0.0,0.0,0.0,0.0,0.0,0.0,0.0
00-0035277,2026,espn,0.0,0.0,0.0,0.0,0.0,0.0,0.0,0.0,0.0
00-0035279,2026,espn,0.0,0.0,0.0,0.0,0.0,0.0,0.0,0.0,0.0
00-0035280,2026,espn,0.0,0.0,0.0,0.0,0.0,0.0,0.0,0.0,0.0
00-0035286,2026,espn,0.0,0.0,0.0,0.0,0.0,0.0,0.0,0.0,0.0
00-0035289,2026,espn,141.6205518,0.628341017,0.593096652,2.549248048,0.030756443,0.0,0.0,0.0,7.4314562988
00-0035316,2026,espn,0.0,0.0,0.0,0.0,0.0,0.0,0.0,0.0,0.0
00-0035352,2026,espn,0.0,0.0,0.0,0.0,0.0,0.0,0.0,0.0,0.0
00-0035357,2026,espn,0.0,0.0,0.0,0.0,0.0,0.0,0.0,0.0,0.0
00-0035358,2026,espn,0.0,0.0,0.0,0.0,0.0,0.0,0.0,0.0,0.0
00-0035363,2026,espn,0.0,0.0,0.0,0.0,0.0,0.0,0.0,0.0,0.0
00-0035378,2026,espn,0.0,0.0,0.0,0.0,0.0,0.0,0.0,0.0,0.0
00-0035386,2026,espn,0.0,0.0,0.0,0.0,0.0,0.0,0.0,0.0,0.0
00-0035402,2026,espn,0.0,0.0,0.0,0.0,0.0,0.0,0.0,0.0,0.0
00-0035500,2026,espn,0.0,0.0,0.0,23.97359779,0.365356523,4.100745223,39.67366268,0.272688105,14.293739038
00-0035525,2026,espn,0.0,0.0,0.0,0.0,0.0,0.0,0.0,0.0,0.0
00-0035535,2026,espn,0.0,0.0,0.0,12.23423955,0.074545193,31.4994266,439.3909398,2.00798821,89.15714495300001
00-0035537,2026,espn,0.0,0.0,0.0,219.4442607,2.12578231,21.62578468,207.9492932,1.293408457,84.880284672
00-0035617,2026,espn,0.0,0.0,0.0,0.0,0.0,0.0,0.0,0.0,0.0
00-0035631,2026,espn,0.0,0.0,0.0,0.0,0.0,17.3118689,146.3145788,1.16683578,38.94434146
00-0035632,2026,espn,0.0,0.0,0.0,0.0,0.0,0.0,0.0,0.0,0.0
00-0035633,2026,espn,0.0,0.0,0.0,0.0,0.0,0.0,0.0,0.0,0.0
00-0035636,2026,espn,0.0,0.0,0.0,0.0,0.0,0.0,0.0,0.0,0.0
00-0035637,2026,espn,0.0,0.0,0.0,0.0,0.0,0.0,0.0,0.0,0.0
00-0035640,2026,espn,0.0,0.0,0.0,0.0,0.0,64.77227755,944.4325889,6.212958463,196.49328721799998
00-0035642,2026,espn,0.0,0.0,0.0,0.0,0.0,0.0,0.0,0.0,0.0
00-0035643,2026,espn,0.0,0.0,0.0,0.0,0.0,0.0,0.0,0.0,0.0
00-0035644,2026,espn,0.0,0.0,0.0,0.0,0.0,16.89506806,145.3224806,0.799526423,36.224474658
00-0035645,2026,espn,0.0,0.0,0.0,0.0,0.0,0.0,0.0,0.0,0.0
00-0035647,2026,espn,0.0,0.0,0.0,0.0,0.0,0.0,0.0,0.0,0.0
00-0035655,2026,espn,0.0,0.0,0.0,0.0,0.0,0.0,0.0,0.0,0.0
00-0035659,2026,espn,0.0,0.0,0.0,0.0,0.0,77.02268995,1053.347136,6.102255443,218.970936208
00-0035662,2026,espn,0.0,0.0,0.0,0.0,0.0,12.43320901,153.760213,1.018311371,33.919098536
00-0035663,2026,espn,0.0,0.0,0.0,0.0,0.0,0.0,0.0,0.0,0.0
00-0035669,2026,espn,0.0,0.0,0.0,0.0,0.0,0.0,0.0,0.0,0.0
00-0035672,2026,espn,0.0,0.0,0.0,0.0,0.0,0.0,0.0,0.0,0.0
00-0035674,2026,espn,0.0,0.0,0.0,0.0,0.0,0.0,0.0,0.0,0.0
00-0035676,2026,espn,0.0,0.0,0.0,0.0,0.0,85.74763587,1215.94546,7.011769773,249.41280050799998
00-0035676,2026,fantasypros,,,,0.0,0.0,87.6,1232.0,7.7,257.0
00-0035678,2026,espn,0.0,0.0,0.0,0.0,0.0,0.0,0.0,0.0,0.0
00-0035680,2026,espn,0.0,0.0,0.0,0.0,0.0,0.0,0.0,0.0,0.0
00-0035683,2026,espn,0.0,0.0,0.0,0.0,0.0,0.0,0.0,0.0,0.0
00-0035685,2026,espn,0.0,0.0,0.0,932.0147452,7.025590072,31.48321307,229.487859,0.60698888,193.428947202
00-0035689,2026,espn,0.0,0.0,0.0,0.0,0.0,24.94252666,264.9970818,2.755671596,67.97626441599999
00-0035692,2026,espn,0.0,0.0,0.0,0.0,0.0,0.0,0.0,0.0,0.0
00-0035699,2026,espn,0.0,0.0,0.0,0.0,0.0,0.0,0.0,0.0,0.0
00-0035700,2026,espn,0.0,0.0,0.0,1143.721536,12.20006009,35.94915426,279.8996133,1.626927193,261.273192888
00-0035704,2026,espn,134.307982,0.80545339,0.574841493,5.189243599,0.048264403,0.0,0.0,0.0,8.2529606319
00-0035705,2026,espn,0.0,0.0,0.0,0.0,0.0,0.0,0.0,0.0,0.0
00-0035707,2026,espn,0.0,0.0,0.0,0.0,0.0,0.0,0.0,0.0,0.0
00-0035710,2026,espn,3750.435504,19.60129196,11.14507781,307.152789,5.920811288,0.0,0.0,0.0,272.372579008
00-0035713,2026,espn,0.0,0.0,0.0,0.0,0.0,0.0,0.0,0.0,0.0
00-0035717,2026,espn,0.0,0.0,0.0,0.0,0.0,0.0,0.0,0.0,0.0
00-0035718,2026,espn,0.0,0.0,0.0,0.0,0.0,0.0,0.0,0.0,0.0
00-0035719,2026,espn,0.0,0.0,0.0,109.3557893,1.141466729,47.5979284,624.7494383,3.713730717,150.139635836
00-0035763,2026,espn,0.0,0.0,0.0,0.0,0.0,0.0,0.0,0.0,0.0
00-0035795,2026,espn,0.0,0.0,0.0,0.0,0.0,0.0,0.0,0.0,0.0
00-0035821,2026,espn,0.0,0.0,0.0,0.0,0.0,0.0,0.0,0.0,0.0
00-0035841,2026,espn,0.0,0.0,0.0,0.0,0.0,0.0,0.0,0.0,0.0
00-0035857,2026,espn,0.0,0.0,0.0,0.0,0.0,0.0,0.0,0.0,0.0
00-0035859,2026,espn,0.0,0.0,0.0,0.0,0.0,0.0,0.0,0.0,0.0
00-0035876,2026,espn,0.0,0.0,0.0,0.0,0.0,0.0,0.0,0.0,0.0
00-0035889,2026,espn,0.0,0.0,0.0,0.0,0.0,0.0,0.0,0.0,0.0
00-0035890,2026,espn,0.0,0.0,0.0,0.0,0.0,0.0,0.0,0.0,0.0
00-0035933,2026,espn,0.0,0.0,0.0,0.0,0.0,0.0,0.0,0.0,0.0
00-0035942,2026,espn,0.0,0.0,0.0,0.0,0.0,0.0,0.0,0.0,0.0
00-0035944,2026,espn,0.0,0.0,0.0,0.0,0.0,0.0,0.0,0.0,0.0
00-0035993,2026,espn,128.6860766,0.862091581,0.510296299,9.483243175,0.053160327,0.0,0.0,0.0,8.842503069499998
00-0036040,2026,espn,0.0,0.0,0.0,0.0,0.0,63.06685887,644.7521292,2.795170454,144.313094514
00-0036081,2026,espn,0.0,0.0,0.0,0.0,0.0,0.0,0.0,0.0,0.0
00-0036087,2026,espn,0.0,0.0,0.0,0.0,0.0,0.0,0.0,0.0,0.0
00-0036130,2026,espn,0.0,0.0,0.0,0.0,0.0,0.0,0.0,0.0,0.0
00-0036139,2026,espn,0.0,0.0,0.0,975.4133143,5.524535351,29.2401353,210.8777954,1.0793043,187.492284176
00-0036158,2026,espn,0.0,0.0,0.0,958.3916138,6.595136777,21.35700421,132.3939224,0.829552095,174.983691062
00-0036159,2026,espn,0.0,0.0,0.0,0.0,0.0,0.0,0.0,0.0,0.0
00-0036162,2026,espn,0.0,0.0,0.0,0.0,0.0,0.0,0.0,0.0,0.0
00-0036176,2026,espn,0.0,0.0,0.0,0.0,0.0,0.0,0.0,0.0,0.0
00-0036181,2026,espn,0.0,0.0,0.0,0.0,0.0,0.0,0.0,0.0,0.0
00-0036182,2026,espn,0.0,0.0,0.0,0.0,0.0,6.108479507,76.62583207,0.584371326,17.27729067
00-0036187,2026,espn,0.0,0.0,0.0,0.0,0.0,4.098687205,29.82701523,0.149748822,7.97988166
00-0036192,2026,espn,0.0,0.0,0.0,0.0,0.0,0.0,0.0,0.0,0.0
00-0036193,2026,espn,0.0,0.0,0.0,0.0,0.0,0.0,0.0,0.0,0.0
00-0036199,2026,espn,0.0,0.0,0.0,0.0,0.0,0.0,0.0,0.0,0.0
00-0036204,2026,espn,0.0,0.0,0.0,0.0,0.0,0.0,0.0,0.0,0.0
00-0036212,2026,espn,2170.736568,10.41916607,7.949373186,43.93315087,0.261500214,0.0,0.0,0.0,118.56969699899999
00-0036220,2026,espn,0.0,0.0,0.0,0.0,0.0,0.0,0.0,0.0,0.0
00-0036221,2026,espn,0.0,0.0,0.0,0.0,0.0,0.0,0.0,0.0,0.0
00-0036222,2026,espn,0.0,0.0,0.0,0.0,0.0,0.0,0.0,0.0,0.0
00-0036223,2026,espn,0.0,0.0,0.0,1499.765659,11.59072327,50.68139806,390.3844833,1.457900613,317.988155588
00-0036223,2026,fantasypros,,,,1504.6,12.9,42.9,341.5,1.5,313.90999999999997
00-0036224,2026,espn,0.0,0.0,0.0,0.0,0.0,0.0,0.0,0.0,0.0
00-0036231,2026,espn,0.0,0.0,0.0,0.0,0.0,0.0,0.0,0.0,0.0
00-0036244,2026,espn,0.0,0.0,0.0,0.0,0.0,27.99652885,291.5359424,3.1114732,75.81896229
00-0036249,2026,espn,0.0,0.0,0.0,0.0,0.0,0.0,0.0,0.0,0.0
00-0036252,2026,espn,0.0,0.0,0.0,0.0,0.0,88.43457685,863.2371311,3.933847056,198.361372296
00-0036253,2026,espn,0.0,0.0,0.0,0.0,0.0,0.0,0.0,0.0,0.0
00-0036259,2026,espn,0.0,0.0,0.0,0.0,0.0,46.47921299,486.3099714,3.335348504,115.12230115400001
00-0036260,2026,espn,0.0,0.0,0.0,0.0,0.0,0.0,0.0,0.0,0.0
00-0036262,2026,espn,0.0,0.0,0.0,0.0,0.0,0.0,0.0,0.0,0.0
00-0036264,2026,espn,3990.500654,24.99917752,10.70216777,212.636124,0.926478314,0.0,0.0,0.0,265.03488298400003
00-0036266,2026,espn,0.0,0.0,0.0,0.0,0.0,0.0,0.0,0.0,0.0
00-0036275,2026,espn,0.0,0.0,0.0,994.2775348,8.143829155,30.43019094,269.3707543,1.126867165,212.41919776999998
00-0036280,2026,espn,0.0,0.0,0.0,0.0,0.0,0.0,0.0,0.0,0.0
00-0036281,2026,espn,0.0,0.0,0.0,0.0,0.0,0.0,0.0,0.0,0.0
00-0036282,2026,espn,0.0,0.0,0.0,0.0,0.0,0.0,0.0,0.0,0.0
00-0036285,2026,espn,0.0,0.0,0.0,0.0,0.0,0.0,0.0,0.0,0.0
00-0036286,2026,espn,0.0,0.0,0.0,0.0,0.0,0.0,0.0,0.0,0.0
00-0036287,2026,espn,0.0,0.0,0.0,0.0,0.0,0.0,0.0,0.0,0.0
00-0036290,2026,espn,0.0,0.0,0.0,0.0,0.0,21.68492027,219.1486946,1.672285473,53.633502568
00-0036292,2026,espn,0.0,0.0,0.0,0.0,0.0,0.0,0.0,0.0,0.0
00-0036293,2026,espn,0.0,0.0,0.0,0.0,0.0,0.0,0.0,0.0,0.0
00-0036298,2026,espn,0.0,0.0,0.0,0.0,0.0,0.0,0.0,0.0,0.0
00-0036302,2026,espn,0.0,0.0,0.0,0.0,0.0,0.0,0.0,0.0,0.0
00-0036305,2026,espn,0.0,0.0,0.0,0.0,0.0,0.0,0.0,0.0,0.0
00-0036306,2026,espn,0.0,0.0,0.0,0.0,0.0,0.0,0.0,0.0,0.0
00-0036307,2026,espn,0.0,0.0,0.0,0.0,0.0,0.0,0.0,0.0,0.0
00-0036309,2026,espn,0.0,0.0,0.0,11.88736563,0.074545193,24.1259379,349.2468569,1.865556543,71.879970569
00-0036313,2026,espn,0.0,0.0,0.0,0.0,0.0,0.0,0.0,0.0,0.0
00-0036321,2026,espn,0.0,0.0,0.0,0.0,0.0,0.0,0.0,0.0,0.0
00-0036322,2026,espn,0.0,0.0,0.0,10.62812596,0.096183619,110.7371857,1375.649944,7.370369089,294.164308944
00-0036322,2026,fantasypros,,,,5.5,0.0,98.9,1310.9,7.1,273.14
00-0036323,2026,espn,0.0,0.0,0.0,0.0,0.0,0.0,0.0,0.0,0.0
00-0036329,2026,espn,0.0,0.0,0.0,0.0,0.0,0.0,0.0,0.0,0.0
00-0036331,2026,espn,0.0,0.0,0.0,0.0,0.0,0.0,0.0,0.0,0.0
00-0036333,2026,espn,0.0,0.0,0.0,0.0,0.0,0.0,0.0,0.0,0.0
00-0036335,2026,espn,0.0,0.0,0.0,0.0,0.0,0.0,0.0,0.0,0.0
00-0036338,2026,espn,0.0,0.0,0.0,0.0,0.0,0.0,0.0,0.0,0.0
00-0036348,2026,espn,0.0,0.0,0.0,0.0,0.0,0.0,0.0,0.0,0.0
00-0036349,2026,espn,0.0,0.0,0.0,0.0,0.0,0.0,0.0,0.0,0.0
00-0036355,2026,espn,3849.807567,25.64090768,10.98113593,406.4586502,2.351058168,0.0,0.0,0.0,289.34587556800005
00-0036358,2026,espn,0.0,0.0,0.0,12.68144195,0.105602643,103.4065668,1375.830489,8.577971173,294.359202791
00-0036358,2026,fantasypros,,,,12.6,0.0,97.5,1295.6,7.5,273.32
00-0036362,2026,espn,0.0,0.0,0.0,0.0,0.0,0.0,0.0,0.0,0.0
00-0036366,2026,espn,0.0,0.0,0.0,0.0,0.0,0.0,0.0,0.0,0.0
00-0036371,2026,espn,0.0,0.0,0.0,0.0,0.0,0.0,0.0,0.0,0.0
00-0036374,2026,espn,0.0,0.0,0.0,0.0,0.0,0.0,0.0,0.0,0.0
00-0036375,2026,espn,0.0,0.0,0.0,0.0,0.0,0.0,0.0,0.0,0.0
00-0036378,2026,espn,0.0,0.0,0.0,0.0,0.0,0.0,0.0,0.0,0.0
00-0036380,2026,espn,0.0,0.0,0.0,0.0,0.0,0.0,0.0,0.0,0.0
00-0036387,2026,espn,0.0,0.0,0.0,0.0,0.0,0.697009494,8.945817616,0.027272317,1.7552251576
00-0036388,2026,espn,0.0,0.0,0.0,0.0,0.0,0.0,0.0,0.0,0.0
00-0036389,2026,espn,3778.601594,23.52027892,9.170214726,437.8034104,9.147936089,0.0,0.0,0.0,325.5527075620001
00-0036389,2026,fantasypros,3570.5,24.2,7.4,461.3,8.4,,,,321.35
00-0036394,2026,espn,0.0,0.0,0.0,0.0,0.0,0.0,0.0,0.0,0.0
00-0036407,2026,espn,0.0,0.0,0.0,0.0,0.0,51.93380625,721.5927377,2.748335065,140.58309041
00-0036409,2026,espn,0.0,0.0,0.0,0.0,0.0,0.0,0.0,0.0,0.0
00-0036410,2026,espn,0.0,0.0,0.0,0.0,0.0,73.24997105,956.0374717,8.42740974,219.41817666000003
00-0036411,2026,espn,0.0,0.0,0.0,0.0,0.0,0.0,0.0,0.0,0.0
00-0036415,2026,espn,0.0,0.0,0.0,0.0,0.0,0.0,0.0,0.0,0.0
00-0036416,2026,espn,0.0,0.0,0.0,0.0,0.0,0.0,0.0,0.0,0.0
00-0036418,2026,espn,0.0,0.0,0.0,0.0,0.0,0.0,0.0,0.0,0.0
00-0036422,2026,espn,0.0,0.0,0.0,0.0,0.0,11.69079876,113.2997051,0.968938149,28.834398164000003
00-0036425,2026,espn,0.0,0.0,0.0,0.0,0.0,0.0,0.0,0.0,0.0
00-0036428,2026,espn,0.0,0.0,0.0,0.0,0.0,0.0,0.0,0.0,0.0
00-0036429,2026,espn,0.0,0.0,0.0,0.0,0.0,3.930474733,32.70640549,0.178189094,8.270249846
00-0036442,2026,espn,4131.698102,33.00846607,10.88487768,188.7943741,2.087735953,0.0,0.0,0.0,306.93788612800006
00-0036442,2026,fantasypros,4174.6,33.3,11.6,178.6,1.4,,,,303.24399999999997
00-0036479,2026,espn,0.0,0.0,0.0,0.0,0.0,0.0,0.0,0.0,0.0
00-0036480,2026,espn,0.0,0.0,0.0,0.0,0.0,0.0,0.0,0.0,0.0
00-0036500,2026,espn,0.0,0.0,0.0,0.0,0.0,0.0,0.0,0.0,0.0
00-0036501,2026,espn,0.0,0.0,0.0,0.0,0.0,0.0,0.0,0.0,0.0
00-0036502,2026,espn,0.0,0.0,0.0,0.0,0.0,0.0,0.0,0.0,0.0
00-0036504,2026,espn,0.0,0.0,0.0,0.0,0.0,0.0,0.0,0.0,0.0
00-0036550,2026,espn,0.0,0.0,0.0,0.0,0.0,37.66884014,614.2197335,3.958013605,122.83889512
00-0036552,2026,espn,0.0,0.0,0.0,0.0,0.0,0.0,0.0,0.0,0.0
00-0036554,2026,espn,0.0,0.0,0.0,11.82123339,0.082245747,86.52780225,1203.45943,6.688544761,248.68061163700003
00-0036555,2026,espn,0.0,0.0,0.0,708.650137,3.84847877,41.25724675,300.0637745,1.399209875,173.61476977
00-0036563,2026,espn,0.0,0.0,0.0,0.0,0.0,0.0,0.0,0.0,0.0
00-0036564,2026,espn,0.0,0.0,0.0,0.0,0.0,0.0,0.0,0.0,0.0
00-0036568,2026,espn,0.0,0.0,0.0,0.0,0.0,0.0,0.0,0.0,0.0
00-0036587,2026,espn,0.0,0.0,0.0,0.0,0.0,0.0,0.0,0.0,0.0
00-0036590,2026,espn,0.0,0.0,0.0,0.0,0.0,0.0,0.0,0.0,0.0
00-0036613,2026,espn,0.0,0.0,0.0,12.16512653,0.082420384,76.55683583,993.5429435,6.035328047,213.834133419
00-0036617,2026,espn,0.0,0.0,0.0,0.0,0.0,0.0,0.0,0.0,0.0
00-0036621,2026,espn,0.0,0.0,0.0,0.0,0.0,0.0,0.0,0.0,0.0
00-0036624,2026,espn,0.0,0.0,0.0,0.0,0.0,0.0,0.0,0.0,0.0
00-0036625,2026,espn,0.0,0.0,0.0,0.0,0.0,0.0,0.0,0.0,0.0
00-0036626,2026,espn,0.0,0.0,0.0,0.0,0.0,15.85216268,216.9039838,1.586370651,47.060784966
00-0036628,2026,espn,0.0,0.0,0.0,0.0,0.0,14.12711809,135.7913147,1.162777101,34.682912166
00-0036629,2026,espn,0.0,0.0,0.0,0.0,0.0,0.0,0.0,0.0,0.0
00-0036630,2026,espn,0.0,0.0,0.0,0.0,0.0,0.0,0.0,0.0,0.0
00-0036635,2026,espn,0.0,0.0,0.0,0.0,0.0,0.0,0.0,0.0,0.0
00-0036637,2026,espn,0.0,0.0,0.0,0.0,0.0,26.17044853,262.8985297,1.437415261,61.084793066
00-0036642,2026,espn,0.0,0.0,0.0,0.0,0.0,0.0,0.0,0.0,0.0
00-0036643,2026,espn,0.0,0.0,0.0,0.0,0.0,0.0,0.0,0.0,0.0
00-0036649,2026,espn,0.0,0.0,0.0,0.0,0.0,0.0,0.0,0.0,0.0
00-0036658,2026,espn,0.0,0.0,0.0,0.0,0.0,0.0,0.0,0.0,0.0
00-0036677,2026,espn,0.0,0.0,0.0,0.0,0.0,0.0,0.0,0.0,0.0
00-0036683,2026,espn,0.0,0.0,0.0,0.0,0.0,0.0,0.0,0.0,0.0
00-0036695,2026,espn,0.0,0.0,0.0,0.0,0.0,0.0,0.0,0.0,0.0
00-0036711,2026,espn,0.0,0.0,0.0,0.0,0.0,0.0,0.0,0.0,0.0
00-0036727,2026,espn,0.0,0.0,0.0,17.41873194,0.133418844,4.131588649,29.85743263,0.147324972,10.543668002
00-0036741,2026,espn,0.0,0.0,0.0,0.0,0.0,0.0,0.0,0.0,0.0
00-0036754,2026,espn,0.0,0.0,0.0,0.0,0.0,7.714814986,72.16811795,0.617580257,18.637108323
00-0036813,2026,espn,0.0,0.0,0.0,0.0,0.0,0.0,0.0,0.0,0.0
00-0036816,2026,espn,0.0,0.0,0.0,0.0,0.0,0.0,0.0,0.0,0.0
00-0036841,2026,espn,0.0,0.0,0.0,0.0,0.0,0.0,0.0,0.0,0.0
00-0036842,2026,espn,0.0,0.0,0.0,0.0,0.0,0.0,0.0,0.0,0.0
00-0036843,2026,espn,0.0,0.0,0.0,0.0,0.0,0.0,0.0,0.0,0.0
00-0036844,2026,espn,0.0,0.0,0.0,0.0,0.0,0.0,0.0,0.0,0.0
00-0036849,2026,espn,0.0,0.0,0.0,11.36956799,0.064760331,21.06792686,301.4252018,0.472030775,55.56815047500001
00-0036850,2026,espn,0.0,0.0,0.0,0.0,0.0,0.0,0.0,0.0,0.0
00-0036854,2026,espn,0.0,0.0,0.0,0.0,0.0,0.0,0.0,0.0,0.0
00-0036862,2026,espn,0.0,0.0,0.0,0.0,0.0,1.782554261,16.94676308,0.072059358,3.909586717
00-0036867,2026,espn,0.0,0.0,0.0,0.0,0.0,0.0,0.0,0.0,0.0
00-0036871,2026,espn,0.0,0.0,0.0,0.0,0.0,0.0,0.0,0.0,0.0
00-0036874,2026,espn,0.0,0.0,0.0,0.0,0.0,0.0,0.0,0.0,0.0
00-0036875,2026,espn,0.0,0.0,0.0,740.2547825,6.756984016,42.43548592,350.1039938,2.087407157,204.537710588
00-0036881,2026,espn,0.0,0.0,0.0,0.0,0.0,0.0,0.0,0.0,0.0
00-0036883,2026,espn,0.0,0.0,0.0,0.0,0.0,0.0,0.0,0.0,0.0
00-0036887,2026,espn,0.0,0.0,0.0,0.0,0.0,3.995800581,38.26037962,0.263983967,9.405742345
00-0036893,2026,espn,0.0,0.0,0.0,429.5949874,2.26137607,12.16591642,76.16899836,0.404784718,78.739279724
00-0036894,2026,espn,0.0,0.0,0.0,0.0,0.0,59.93015723,603.013557,2.81435184,137.11762397
00-0036898,2026,espn,146.5773902,0.798712304,0.553362211,3.854651001,0.033525892,0.0,0.0,0.0,8.5378408541
00-0036900,2026,espn,0.0,0.0,0.0,20.92264258,0.143288461,119.6970548,1508.690979,10.79976544,338.316740364
00-0036900,2026,fantasypros,,,,17.0,0.0,121.2,1511.2,10.6,337.62
00-0036901,2026,espn,0.0,0.0,0.0,0.0,0.0,0.0,0.0,0.0,0.0
00-0036902,2026,espn,0.0,0.0,0.0,0.0,0.0,0.0,0.0,0.0,0.0
00-0036903,2026,espn,0.0,0.0,0.0,0.0,0.0,0.0,0.0,0.0,0.0
00-0036909,2026,espn,0.0,0.0,0.0,0.0,0.0,0.0,0.0,0.0,0.0
00-0036912,2026,espn,0.0,0.0,0.0,0.0,0.0,90.53256168,1129.82266,6.048113489,239.803508614
00-0036914,2026,espn,0.0,0.0,0.0,0.0,0.0,0.0,0.0,0.0,0.0
00-0036916,2026,espn,0.0,0.0,0.0,0.0,0.0,0.0,0.0,0.0,0.0
00-0036919,2026,espn,0.0,0.0,0.0,521.2812407,4.584168315,52.11248206,341.8403386,2.042642313,178.185503758
00-0036920,2026,espn,0.0,0.0,0.0,0.0,0.0,0.0,0.0,0.0,0.0
00-0036926,2026,espn,0.0,0.0,0.0,0.0,0.0,0.0,0.0,0.0,0.0
00-0036927,2026,espn,0.0,0.0,0.0,0.0,0.0,0.0,0.0,0.0,0.0
00-0036932,2026,espn,0.0,0.0,0.0,0.0,0.0,0.0,0.0,0.0,0.0
00-0036933,2026,espn,0.0,0.0,0.0,0.0,0.0,0.0,0.0,0.0,0.0
00-0036934,2026,espn,0.0,0.0,0.0,0.0,0.0,0.0,0.0,0.0,0.0
00-0036937,2026,espn,0.0,0.0,0.0,0.0,0.0,0.0,0.0,0.0,0.0
00-0036940,2026,espn,0.0,0.0,0.0,0.0,0.0,0.0,0.0,0.0,0.0
00-0036941,2026,espn,0.0,0.0,0.0,0.0,0.0,0.0,0.0,0.0,0.0
00-0036942,2026,espn,0.0,0.0,0.0,0.0,0.0,0.0,0.0,0.0,0.0
00-0036944,2026,espn,0.0,0.0,0.0,0.0,0.0,0.0,0.0,0.0,0.0
00-0036945,2026,espn,140.5235629,0.927516228,0.43091549,15.30846946,0.157690432,0.0,0.0,0.0,10.946165985999999
00-0036952,2026,espn,0.0,0.0,0.0,0.0,0.0,0.0,0.0,0.0,0.0
00-0036954,2026,espn,0.0,0.0,0.0,0.0,0.0,0.0,0.0,0.0,0.0
00-0036955,2026,espn,0.0,0.0,0.0,0.0,0.0,0.0,0.0,0.0,0.0
00-0036959,2026,espn,0.0,0.0,0.0,0.0,0.0,0.0,0.0,0.0,0.0
00-0036962,2026,espn,0.0,0.0,0.0,0.0,0.0,0.0,0.0,0.0,0.0
00-0036963,2026,espn,0.0,0.0,0.0,13.44027328,0.12378682,118.1025284,1425.633055,10.39123509,325.099992688
00-0036963,2026,fantasypros,,,,11.8,0.0,117.4,1390.9,10.5,320.67
00-0036964,2026,espn,0.0,0.0,0.0,0.0,0.0,0.0,0.0,0.0,0.0
00-0036967,2026,espn,0.0,0.0,0.0,0.0,0.0,0.0,0.0,0.0,0.0
00-0036970,2026,espn,0.0,0.0,0.0,0.0,0.0,80.46853003,857.5305258,3.179092088,185.29613513799998
00-0036970,2026,fantasypros,,,,,,77.2,845.2,4.4,188.12000000000003
00-0036971,2026,espn,3932.347855,24.89469682,12.95752969,334.8302919,4.81293017,0.0,0.0,0.0,293.31825231
00-0036971,2026,fantasypros,3908.5,27.0,13.0,321.9,4.9,,,,299.93
00-0036972,2026,espn,145.6912794,0.944633964,0.563513106,2.222843718,0.013213997,0.0,0.0,0.0,8.780729173800001
00-0036973,2026,espn,0.0,0.0,0.0,1142.027948,6.171540212,44.79387188,385.4527531,2.106965871,247.212978488
00-0036974,2026,espn,0.0,0.0,0.0,0.0,0.0,0.0,0.0,0.0,0.0
00-0036981,2026,espn,0.0,0.0,0.0,0.0,0.0,0.0,0.0,0.0,0.0
00-0036982,2026,espn,0.0,0.0,0.0,0.0,0.0,0.0,0.0,0.0,0.0
00-0036986,2026,espn,0.0,0.0,0.0,0.0,0.0,0.0,0.0,0.0,0.0
00-0036987,2026,espn,0.0,0.0,0.0,0.0,0.0,0.0,0.0,0.0,0.0
00-0036988,2026,espn,0.0,0.0,0.0,0.0,0.0,16.87164707,205.4265443,1.239269929,44.849921074
00-0036989,2026,espn,0.0,0.0,0.0,0.0,0.0,0.0,0.0,0.0,0.0
00-0036990,2026,espn,0.0,0.0,0.0,0.0,0.0,0.0,0.0,0.0,0.0
00-0036992,2026,espn,0.0,0.0,0.0,0.0,0.0,0.0,0.0,0.0,0.0
00-0036993,2026,espn,0.0,0.0,0.0,0.0,0.0,0.0,0.0,0.0,0.0
00-0036994,2026,espn,0.0,0.0,0.0,0.0,0.0,0.0,0.0,0.0,0.0
00-0036995,2026,espn,0.0,0.0,0.0,0.0,0.0,0.0,0.0,0.0,0.0
00-0036996,2026,espn,0.0,0.0,0.0,0.0,0.0,0.0,0.0,0.0,0.0
00-0036997,2026,espn,0.0,0.0,0.0,1266.13807,11.12404232,36.89220238,218.1319346,1.5132861,261.14317336000005
00-0036998,2026,espn,0.0,0.0,0.0,0.0,0.0,0.0,0.0,0.0,0.0
00-0037003,2026,espn,0.0,0.0,0.0,0.0,0.0,0.0,0.0,0.0,0.0
00-0037004,2026,espn,0.0,0.0,0.0,0.0,0.0,0.0,0.0,0.0,0.0
00-0037005,2026,espn,0.0,0.0,0.0,0.0,0.0,18.43927198,176.5338458,1.276477165,43.75151955
00-0037007,2026,espn,0.0,0.0,0.0,0.0,0.0,0.0,0.0,0.0,0.0
00-0037012,2026,espn,147.5055743,0.983018321,0.568636414,6.827711675,0.044609856,0.0,0.0,0.0,9.645453731500002
00-0037034,2026,espn,0.0,0.0,0.0,0.0,0.0,0.0,0.0,0.0,0.0
00-0037051,2026,espn,0.0,0.0,0.0,0.0,0.0,0.0,0.0,0.0,0.0
00-0037057,2026,espn,0.0,0.0,0.0,0.0,0.0,0.0,0.0,0.0,0.0
00-0037073,2026,espn,0.0,0.0,0.0,0.0,0.0,0.0,0.0,0.0,0.0
00-0037074,2026,espn,0.0,0.0,0.0,0.0,0.0,0.0,0.0,0.0,0.0
00-0037075,2026,espn,0.0,0.0,0.0,0.0,0.0,0.0,0.0,0.0,0.0
00-0037077,2026,espn,144.4532409,1.048272269,0.719051674,6.928898726,0.074817355,0.0,0.0,0.0,9.6749093666
00-0037078,2026,espn,0.0,0.0,0.0,0.0,0.0,0.0,0.0,0.0,0.0
00-0037079,2026,espn,0.0,0.0,0.0,0.0,0.0,0.0,0.0,0.0,0.0
00-0037080,2026,espn,0.0,0.0,0.0,0.0,0.0,0.0,0.0,0.0,0.0
00-0037082,2026,espn,0.0,0.0,0.0,0.0,0.0,0.0,0.0,0.0,0.0
00-0037083,2026,espn,0.0,0.0,0.0,0.0,0.0,0.0,0.0,0.0,0.0
00-0037085,2026,espn,0.0,0.0,0.0,0.0,0.0,0.0,0.0,0.0,0.0
00-0037086,2026,espn,0.0,0.0,0.0,0.0,0.0,0.0,0.0,0.0,0.0
00-0037091,2026,espn,0.0,0.0,0.0,25.94262506,0.143348173,2.937004869,37.41733494,0.250719374,11.637406151
00-0037093,2026,espn,0.0,0.0,0.0,0.0,0.0,0.0,0.0,0.0,0.0
00-0037096,2026,espn,0.0,0.0,0.0,0.0,0.0,0.0,0.0,0.0,0.0
00-0037097,2026,espn,0.0,0.0,0.0,0.0,0.0,0.0,0.0,0.0,0.0
00-0037106,2026,espn,0.0,0.0,0.0,0.0,0.0,0.0,0.0,0.0,0.0
00-0037109,2026,espn,0.0,0.0,0.0,0.0,0.0,0.0,0.0,0.0,0.0
00-0037112,2026,espn,0.0,0.0,0.0,0.0,0.0,10.41448385,103.3952426,0.751499968,25.263007918
00-0037129,2026,espn,0.0,0.0,0.0,0.0,0.0,0.0,0.0,0.0,0.0
00-0037130,2026,espn,0.0,0.0,0.0,0.0,0.0,0.0,0.0,0.0,0.0
00-0037132,2026,espn,0.0,0.0,0.0,0.0,0.0,0.0,0.0,0.0,0.0
00-0037137,2026,espn,0.0,0.0,0.0,0.0,0.0,0.0,0.0,0.0,0.0
00-0037155,2026,espn,0.0,0.0,0.0,0.0,0.0,0.0,0.0,0.0,0.0
00-0037157,2026,espn,0.0,0.0,0.0,0.0,0.0,0.0,0.0,0.0,0.0
00-0037190,2026,espn,0.0,0.0,0.0,0.0,0.0,0.0,0.0,0.0,0.0
00-0037191,2026,espn,0.0,0.0,0.0,0.0,0.0,0.0,0.0,0.0,0.0
00-0037192,2026,espn,0.0,0.0,0.0,0.0,0.0,0.0,0.0,0.0,0.0
00-0037193,2026,espn,0.0,0.0,0.0,0.0,0.0,0.0,0.0,0.0,0.0
00-0037195,2026,espn,0.0,0.0,0.0,0.0,0.0,0.0,0.0,0.0,0.0
00-0037197,2026,espn,0.0,0.0,0.0,639.340219,4.516335885,17.17149693,114.2253072,0.790249854,124.367563984
00-0037203,2026,espn,0.0,0.0,0.0,0.0,0.0,0.0,0.0,0.0,0.0
00-0037208,2026,espn,0.0,0.0,0.0,0.0,0.0,0.0,0.0,0.0,0.0
00-0037224,2026,espn,0.0,0.0,0.0,0.0,0.0,0.0,0.0,0.0,0.0
00-0037228,2026,espn,0.0,0.0,0.0,791.3876353,4.480626607,46.10292247,320.184935,1.464794114,192.93270382600002
00-0037231,2026,espn,0.0,0.0,0.0,0.0,0.0,0.0,0.0,0.0,0.0
00-0037235,2026,espn,0.0,0.0,0.0,0.0,0.0,0.0,0.0,0.0,0.0
00-0037236,2026,espn,0.0,0.0,0.0,0.0,0.0,0.0,0.0,0.0,0.0
00-0037237,2026,espn,0.0,0.0,0.0,0.0,0.0,0.0,0.0,0.0,0.0
00-0037238,2026,espn,0.0,0.0,0.0,0.0,0.0,102.0966858,1249.65332,7.269537302,270.679241612
00-0037238,2026,fantasypros,,,,0.0,0.0,98.4,1272.9,8.8,278.49
00-0037239,2026,espn,0.0,0.0,0.0,0.0,0.0,91.30240502,1197.480864,6.652118904,250.96320484400002
00-0037239,2026,fantasypros,,,,0.0,0.0,95.8,1195.5,7.9,262.75
00-0037240,2026,espn,0.0,0.0,0.0,45.04914476,0.586702702,64.20647006,1026.178707,5.683151008,208.94837749600003
00-0037242,2026,espn,0.0,0.0,0.0,0.0,0.0,0.0,0.0,0.0,0.0
00-0037244,2026,espn,0.0,0.0,0.0,0.0,0.0,0.0,0.0,0.0,0.0
00-0037246,2026,espn,0.0,0.0,0.0,0.0,0.0,0.0,0.0,0.0,0.0
00-0037247,2026,espn,0.0,0.0,0.0,0.0,0.0,79.57156483,1111.82126,8.169431407,239.77027927199998
00-0037248,2026,espn,0.0,0.0,0.0,1401.170044,10.98838475,35.91998809,302.0598476,1.605613695,281.80696792
00-0037248,2026,fantasypros,,,,1405.1,10.3,33.3,283.7,1.9,275.38
00-0037249,2026,espn,0.0,0.0,0.0,0.0,0.0,0.0,0.0,0.0,0.0
00-0037250,2026,espn,0.0,0.0,0.0,0.0,0.0,0.0,0.0,0.0,0.0
00-0037251,2026,espn,0.0,0.0,0.0,0.0,0.0,0.0,0.0,0.0,0.0
00-0037252,2026,espn,0.0,0.0,0.0,0.0,0.0,51.70590387,579.9595407,1.65645297,119.64057576
00-0037253,2026,espn,0.0,0.0,0.0,0.0,0.0,0.0,0.0,0.0,0.0
00-0037254,2026,espn,0.0,0.0,0.0,0.0,0.0,0.0,0.0,0.0,0.0
00-0037256,2026,espn,0.0,0.0,0.0,567.9265034,5.077291709,40.35424115,266.7954877,1.791469822,165.039009446
00-0037259,2026,espn,0.0,0.0,0.0,0.0,0.0,0.0,0.0,0.0,0.0
00-0037261,2026,espn,0.0,0.0,0.0,12.50513566,0.126410885,70.0766987,764.8621579,3.688033224,170.70009270999998
00-0037262,2026,espn,0.0,0.0,0.0,0.0,0.0,0.0,0.0,0.0,0.0
00-0037263,2026,espn,0.0,0.0,0.0,384.6472784,3.310182713,18.09477688,125.75784,0.392022882,91.34852228999999
00-0037267,2026,espn,0.0,0.0,0.0,0.0,0.0,0.0,0.0,0.0,0.0
00-0037268,2026,espn,0.0,0.0,0.0,0.0,0.0,0.0,0.0,0.0,0.0
00-0037269,2026,espn,0.0,0.0,0.0,0.0,0.0,0.0,0.0,0.0,0.0
00-0037270,2026,espn,0.0,0.0,0.0,0.0,0.0,0.0,0.0,0.0,0.0
00-0037271,2026,espn,0.0,0.0,0.0,0.0,0.0,0.0,0.0,0.0,0.0
00-0037275,2026,espn,0.0,0.0,0.0,0.0,0.0,0.0,0.0,0.0,0.0
00-0037280,2026,espn,0.0,0.0,0.0,0.0,0.0,0.0,0.0,0.0,0.0
00-0037281,2026,espn,0.0,0.0,0.0,0.0,0.0,0.0,0.0,0.0,0.0
00-0037283,2026,espn,0.0,0.0,0.0,0.0,0.0,0.0,0.0,0.0,0.0
00-0037284,2026,espn,0.0,0.0,0.0,0.0,0.0,0.0,0.0,0.0,0.0
00-0037288,2026,espn,0.0,0.0,0.0,0.0,0.0,0.0,0.0,0.0,0.0
00-0037289,2026,espn,0.0,0.0,0.0,0.0,0.0,0.0,0.0,0.0,0.0
00-0037291,2026,espn,0.0,0.0,0.0,11.00384853,0.075738805,44.34003114,607.3835637,3.012680748,124.709289681
00-0037292,2026,espn,0.0,0.0,0.0,0.0,0.0,3.6039611,36.2505131,0.267325285,8.83296412
00-0037294,2026,espn,0.0,0.0,0.0,0.0,0.0,0.0,0.0,0.0,0.0
00-0037298,2026,espn,0.0,0.0,0.0,0.0,0.0,0.0,0.0,0.0,0.0
00-0037301,2026,espn,0.0,0.0,0.0,0.0,0.0,0.0,0.0,0.0,0.0
00-0037304,2026,espn,0.0,0.0,0.0,17.41935241,0.120540696,3.971235262,28.95207877,0.158827366,10.284586752000001
00-0037307,2026,espn,0.0,0.0,0.0,0.0,0.0,0.0,0.0,0.0,0.0
00-0037310,2026,espn,0.0,0.0,0.0,0.0,0.0,0.0,0.0,0.0,0.0
00-0037311,2026,espn,0.0,0.0,0.0,0.0,0.0,3.665829161,36.05793761,0.304026556,9.095782258
00-0037313,2026,espn,0.0,0.0,0.0,0.0,0.0,0.0,0.0,0.0,0.0
00-0037315,2026,espn,0.0,0.0,0.0,0.0,0.0,0.0,0.0,0.0,0.0
00-0037320,2026,espn,0.0,0.0,0.0,0.0,0.0,0.0,0.0,0.0,0.0
00-0037321,2026,espn,0.0,0.0,0.0,0.0,0.0,0.0,0.0,0.0,0.0
00-0037323,2026,espn,0.0,0.0,0.0,0.0,0.0,0.0,0.0,0.0,0.0
00-0037332,2026,espn,0.0,0.0,0.0,0.0,0.0,0.0,0.0,0.0,0.0
00-0037353,2026,espn,0.0,0.0,0.0,0.0,0.0,0.0,0.0,0.0,0.0
00-0037384,2026,espn,0.0,0.0,0.0,0.0,0.0,0.0,0.0,0.0,0.0
00-0037457,2026,espn,0.0,0.0,0.0,0.0,0.0,0.0,0.0,0.0,0.0
00-0037461,2026,espn,0.0,0.0,0.0,0.0,0.0,0.0,0.0,0.0,0.0
00-0037487,2026,espn,0.0,0.0,0.0,0.0,0.0,0.0,0.0,0.0,0.0
00-0037493,2026,espn,0.0,0.0,0.0,0.0,0.0,0.0,0.0,0.0,0.0
00-0037500,2026,espn,0.0,0.0,0.0,0.0,0.0,0.0,0.0,0.0,0.0
00-0037512,2026,espn,0.0,0.0,0.0,0.0,0.0,0.0,0.0,0.0,0.0
00-0037525,2026,espn,0.0,0.0,0.0,899.0930305,6.391949205,13.4018901,83.38358038,0.336133147,152.0180453
00-0037526,2026,espn,0.0,0.0,0.0,0.0,0.0,0.0,0.0,0.0,0.0
00-0037539,2026,espn,0.0,0.0,0.0,0.0,0.0,0.0,0.0,0.0,0.0
00-0037545,2026,espn,0.0,0.0,0.0,86.7216156,0.508940695,42.84070381,646.5335324,3.496741974,140.200314624
00-0037547,2026,espn,0.0,0.0,0.0,0.0,0.0,0.0,0.0,0.0,0.0
00-0037549,2026,espn,0.0,0.0,0.0,0.0,0.0,0.0,0.0,0.0,0.0
00-0037561,2026,espn,0.0,0.0,0.0,0.0,0.0,0.0,0.0,0.0,0.0
00-0037563,2026,espn,0.0,0.0,0.0,135.5968859,0.995300682,4.125039818,29.52002124,0.158148842,27.557427676
00-0037578,2026,espn,0.0,0.0,0.0,0.0,0.0,0.0,0.0,0.0,0.0
00-0037587,2026,espn,0.0,0.0,0.0,0.0,0.0,0.0,0.0,0.0,0.0
00-0037596,2026,espn,0.0,0.0,0.0,0.0,0.0,0.0,0.0,0.0,0.0
00-0037602,2026,espn,0.0,0.0,0.0,0.0,0.0,0.0,0.0,0.0,0.0
00-0037611,2026,espn,0.0,0.0,0.0,0.0,0.0,0.0,0.0,0.0,0.0
00-0037615,2026,espn,0.0,0.0,0.0,0.0,0.0,0.0,0.0,0.0,0.0
00-0037616,2026,espn,0.0,0.0,0.0,0.0,0.0,0.0,0.0,0.0,0.0
00-0037663,2026,espn,0.0,0.0,0.0,0.0,0.0,0.0,0.0,0.0,0.0
00-0037664,2026,espn,0.0,0.0,0.0,0.0,0.0,60.56953555,947.7297102,5.252833946,186.859510246
00-0037665,2026,espn,0.0,0.0,0.0,0.0,0.0,0.0,0.0,0.0,0.0
00-0037666,2026,espn,0.0,0.0,0.0,0.0,0.0,33.14759738,411.1371491,1.65580185,84.19612339000001
00-0037667,2026,espn,0.0,0.0,0.0,0.0,0.0,0.0,0.0,0.0,0.0
00-0037692,2026,espn,0.0,0.0,0.0,0.0,0.0,0.0,0.0,0.0,0.0
00-0037740,2026,espn,0.0,0.0,0.0,10.78744931,0.093889771,100.0564757,1172.38288,5.218458802,250.24760006900001
00-0037741,2026,espn,0.0,0.0,0.0,0.0,0.0,35.15179776,443.291135,2.250739207,92.985346502
00-0037742,2026,espn,0.0,0.0,0.0,0.0,0.0,15.03815208,217.7550807,1.362281676,44.987350206
00-0037743,2026,espn,0.0,0.0,0.0,0.0,0.0,0.0,0.0,0.0,0.0
00-0037744,2026,espn,0.0,0.0,0.0,0.0,0.0,107.8139014,1023.240053,5.344628279,242.20567637400003
00-0037744,2026,fantasypros,,,,,,108.9,1069.1,6.8,256.61
00-0037746,2026,espn,0.0,0.0,0.0,560.4312857,3.676913876,8.745463915,59.11393046,0.289649392,94.49936513899999
00-0037753,2026,espn,0.0,0.0,0.0,0.0,0.0,0.0,0.0,0.0,0.0
00-0037755,2026,espn,0.0,0.0,0.0,0.0,0.0,0.0,0.0,0.0,0.0
00-0037756,2026,espn,0.0,0.0,0.0,0.0,0.0,0.0,0.0,0.0,0.0
00-0037758,2026,espn,0.0,0.0,0.0,0.0,0.0,0.0,0.0,0.0,0.0
00-0037799,2026,espn,0.0,0.0,0.0,0.0,0.0,0.0,0.0,0.0,0.0
00-0037801,2026,espn,0.0,0.0,0.0,103.2325809,0.43092165,18.11295211,229.5405289,1.722080219,64.30827430400001
00-0037805,2026,espn,0.0,0.0,0.0,0.0,0.0,12.41466851,96.36781402,0.540102397,25.292064294000003
00-0037809,2026,espn,0.0,0.0,0.0,0.0,0.0,51.2935986,560.4132448,2.34632062,121.41284680000001
00-0037810,2026,espn,0.0,0.0,0.0,0.0,0.0,0.0,0.0,0.0,0.0
00-0037811,2026,espn,0.0,0.0,0.0,0.0,0.0,0.0,0.0,0.0,0.0
00-0037813,2026,espn,0.0,0.0,0.0,0.0,0.0,0.0,0.0,0.0,0.0
00-0037815,2026,espn,0.0,0.0,0.0,0.0,0.0,0.0,0.0,0.0,0.0
00-0037816,2026,espn,0.0,0.0,0.0,0.0,0.0,52.38191237,666.8921119,5.326557249,151.030467054
00-0037819,2026,espn,0.0,0.0,0.0,0.0,0.0,0.0,0.0,0.0,0.0
00-0037823,2026,espn,0.0,0.0,0.0,0.0,0.0,0.0,0.0,0.0,0.0
00-0037826,2026,espn,0.0,0.0,0.0,0.0,0.0,0.0,0.0,0.0,0.0
00-0037832,2026,espn,0.0,0.0,0.0,0.0,0.0,0.0,0.0,0.0,0.0
00-0037834,2026,espn,4180.501119,27.07304204,13.89044247,277.2789205,3.506025179,0.0,0.0,0.0,296.49537110399996
00-0037834,2026,fantasypros,4156.5,27.7,14.3,304.4,3.8,,,,301.7
00-0037837,2026,espn,0.0,0.0,0.0,0.0,0.0,0.0,0.0,0.0,0.0
00-0037838,2026,espn,0.0,0.0,0.0,0.0,0.0,63.34209831,682.9430927,4.082728831,156.132780566
00-0037839,2026,espn,0.0,0.0,0.0,0.0,0.0,0.0,0.0,0.0,0.0
00-0037840,2026,espn,0.0,0.0,0.0,1071.199922,10.17749914,33.39545078,223.8701868,1.637929491,233.79503344600002
00-0037841,2026,espn,0.0,0.0,0.0,0.0,0.0,0.0,0.0,0.0,0.0
00-0037842,2026,espn,0.0,0.0,0.0,0.0,0.0,0.0,0.0,0.0,0.0
00-0037843,2026,espn,0.0,0.0,0.0,0.0,0.0,0.0,0.0,0.0,0.0
00-0038038,2026,espn,0.0,0.0,0.0,0.0,0.0,0.0,0.0,0.0,0.0
00-0038039,2026,espn,0.0,0.0,0.0,0.0,0.0,0.0,0.0,0.0,0.0
00-0038041,2026,espn,0.0,0.0,0.0,0.0,0.0,72.85524997,598.2001487,5.850423084,167.777803344
00-0038043,2026,espn,0.0,0.0,0.0,0.0,0.0,0.0,0.0,0.0,0.0
00-0038046,2026,espn,0.0,0.0,0.0,0.0,0.0,14.66840205,148.8274699,1.130607835,36.334796049999994
00-0038090,2026,espn,0.0,0.0,0.0,0.0,0.0,0.0,0.0,0.0,0.0
00-0038094,2026,espn,0.0,0.0,0.0,0.0,0.0,0.0,0.0,0.0,0.0
00-0038097,2026,espn,0.0,0.0,0.0,0.0,0.0,0.0,0.0,0.0,0.0
00-0038099,2026,espn,0.0,0.0,0.0,0.0,0.0,0.0,0.0,0.0,0.0
00-0038100,2026,espn,0.0,0.0,0.0,0.0,0.0,0.0,0.0,0.0,0.0
00-0038101,2026,espn,0.0,0.0,0.0,0.0,0.0,0.0,0.0,0.0,0.0
00-0038102,2026,espn,153.6111163,0.855701294,0.471470673,3.742664509,0.041300486,0.0,0.0,0.0,9.2463778489
00-0038104,2026,espn,0.0,0.0,0.0,0.0,0.0,23.87187788,360.0769111,2.984845245,77.78864046000001
00-0038106,2026,espn,0.0,0.0,0.0,0.0,0.0,0.0,0.0,0.0,0.0
00-0038107,2026,espn,0.0,0.0,0.0,0.0,0.0,0.0,0.0,0.0,0.0
00-0038111,2026,espn,0.0,0.0,0.0,0.0,0.0,0.0,0.0,0.0,0.0
00-0038115,2026,espn,0.0,0.0,0.0,0.0,0.0,12.66161649,112.5478418,0.498664093,26.908385228
00-0038116,2026,espn,0.0,0.0,0.0,0.0,0.0,0.0,0.0,0.0,0.0
00-0038117,2026,espn,0.0,0.0,0.0,22.48606381,0.149844405,78.83050639,823.7975711,1.949095108,176.052506959
00-0038120,2026,espn,0.0,0.0,0.0,1164.494381,7.57488006,52.12797766,439.2716525,2.726786478,274.314580238
00-0038121,2026,espn,0.0,0.0,0.0,0.0,0.0,0.0,0.0,0.0,0.0
00-0038122,2026,espn,0.0,0.0,0.0,0.0,0.0,0.0,0.0,0.0,0.0
00-0038123,2026,espn,0.0,0.0,0.0,0.0,0.0,0.0,0.0,0.0,0.0
00-0038124,2026,espn,0.0,0.0,0.0,13.08778119,0.130383747,54.83741709,866.0696033,7.02807225,185.703891521
00-0038125,2026,espn,0.0,0.0,0.0,0.0,0.0,0.0,0.0,0.0,0.0
00-0038127,2026,espn,0.0,0.0,0.0,0.0,0.0,0.0,0.0,0.0,0.0
00-0038128,2026,espn,3560.081463,13.20613154,10.38155076,546.297208,3.407013782,0.0,0.0,0.0,249.536486652
00-0038129,2026,espn,0.0,0.0,0.0,0.0,0.0,44.53227343,440.2335049,2.273686049,102.197740214
00-0038133,2026,espn,0.0,0.0,0.0,0.0,0.0,0.0,0.0,0.0,0.0
00-0038134,2026,espn,0.0,0.0,0.0,1239.149125,9.127251247,48.376616,377.2484364,1.698835103,274.97289024
00-0038135,2026,espn,0.0,0.0,0.0,0.0,0.0,0.0,0.0,0.0,0.0
00-0038136,2026,espn,0.0,0.0,0.0,0.0,0.0,0.0,0.0,0.0,0.0
00-0038142,2026,espn,0.0,0.0,0.0,0.0,0.0,0.0,0.0,0.0,0.0
00-0038152,2026,espn,0.0,0.0,0.0,0.0,0.0,0.0,0.0,0.0,0.0
00-0038354,2026,espn,0.0,0.0,0.0,0.0,0.0,0.0,0.0,0.0,0.0
00-0038359,2026,espn,0.0,0.0,0.0,0.0,0.0,3.584145716,44.4061988,0.323537455,9.965990326
00-0038386,2026,espn,0.0,0.0,0.0,0.0,0.0,0.0,0.0,0.0,0.0
00-0038387,2026,espn,0.0,0.0,0.0,0.0,0.0,0.0,0.0,0.0,0.0
00-0038390,2026,espn,0.0,0.0,0.0,0.0,0.0,0.0,0.0,0.0,0.0
00-0038393,2026,espn,0.0,0.0,0.0,0.0,0.0,39.51069688,517.739889,2.921772925,108.81532332999998
00-0038398,2026,espn,0.0,0.0,0.0,0.0,0.0,0.0,0.0,0.0,0.0
00-0038400,2026,espn,153.037515,0.952789082,0.49300318,3.738889132,0.037098543,0.0,0.0,0.0,9.5431307392
00-0038407,2026,espn,0.0,0.0,0.0,0.0,0.0,0.0,0.0,0.0,0.0
00-0038408,2026,espn,0.0,0.0,0.0,0.0,0.0,0.0,0.0,0.0,0.0
00-0038412,2026,espn,0.0,0.0,0.0,0.0,0.0,0.0,0.0,0.0,0.0
00-0038416,2026,espn,155.9210144,1.030618256,0.547809099,5.914932108,0.075787294,0.0,0.0,0.0,10.3099123768
00-0038428,2026,espn,0.0,0.0,0.0,0.0,0.0,0.0,0.0,0.0,0.0
00-0038440,2026,espn,0.0,0.0,0.0,0.0,0.0,0.0,0.0,0.0,0.0
00-0038454,2026,espn,0.0,0.0,0.0,392.5512443,2.423448412,20.04787029,156.9496609,0.775071318,94.18907919000002
00-0038463,2026,espn,0.0,0.0,0.0,0.0,0.0,0.0,0.0,0.0,0.0
00-0038476,2026,espn,149.9229784,0.989246451,0.408030532,9.499078651,0.066808991,0.0,0.0,0.0,10.488605687100002
00-0038493,2026,espn,0.0,0.0,0.0,0.0,0.0,0.0,0.0,0.0,0.0
00-0038504,2026,espn,0.0,0.0,0.0,0.0,0.0,0.0,0.0,0.0,0.0
00-0038505,2026,espn,0.0,0.0,0.0,0.0,0.0,0.0,0.0,0.0,0.0
00-0038519,2026,espn,0.0,0.0,0.0,0.0,0.0,0.0,0.0,0.0,0.0
00-0038541,2026,espn,0.0,0.0,0.0,0.0,0.0,0.0,0.0,0.0,0.0
00-0038542,2026,espn,0.0,0.0,0.0,1372.369524,8.426185497,75.7739192,707.6405496,3.378049748,354.60033803
00-0038542,2026,fantasypros,,,,1392.1,8.8,77.3,705.2,3.5,360.83000000000004
00-0038543,2026,espn,0.0,0.0,0.0,25.16849967,0.165365773,116.729519,1569.061053,8.537261532,328.368238097
00-0038543,2026,fantasypros,,,,30.4,0.1,110.9,1570.0,9.5,328.54
00-0038544,2026,espn,0.0,0.0,0.0,10.82542623,0.086321683,52.80115136,777.8342653,5.637350708,166.009154859
00-0038545,2026,espn,0.0,0.0,0.0,0.0,0.0,0.0,0.0,0.0,0.0
00-0038546,2026,espn,0.0,0.0,0.0,0.0,0.0,0.0,0.0,0.0,0.0
00-0038547,2026,espn,0.0,0.0,0.0,0.0,0.0,11.36835413,110.062888,0.894588434,27.742173534
00-0038549,2026,espn,0.0,0.0,0.0,0.0,0.0,0.0,0.0,0.0,0.0
00-0038551,2026,espn,0.0,0.0,0.0,99.88754784,0.497170402,1.512485768,10.8909709,0.040957179,15.819103128
00-0038552,2026,espn,0.0,0.0,0.0,0.0,0.0,0.0,0.0,0.0,0.0
00-0038553,2026,espn,0.0,0.0,0.0,0.0,0.0,0.0,0.0,0.0,0.0
00-0038554,2026,espn,0.0,0.0,0.0,0.0,0.0,0.0,0.0,0.0,0.0
00-0038555,2026,espn,0.0,0.0,0.0,372.7885755,3.35722587,3.631915892,28.66748398,0.141138294,64.767706824
00-0038556,2026,espn,0.0,0.0,0.0,0.0,0.0,0.0,0.0,0.0,0.0
00-0038557,2026,espn,0.0,0.0,0.0,0.0,0.0,0.0,0.0,0.0,0.0
00-0038558,2026,espn,0.0,0.0,0.0,0.0,0.0,30.98281438,305.2940842,1.905524107,72.945367442
00-0038559,2026,espn,0.0,0.0,0.0,0.0,0.0,70.58011708,860.2652104,3.39975217,177.00515114
00-0038560,2026,espn,0.0,0.0,0.0,0.0,0.0,0.0,0.0,0.0,0.0
00-0038562,2026,espn,0.0,0.0,0.0,0.0,0.0,0.0,0.0,0.0,0.0
00-0038563,2026,espn,0.0,0.0,0.0,57.28700192,0.315831949,48.41165755,658.2711669,2.518581285,136.97395383600002
00-0038565,2026,espn,0.0,0.0,0.0,0.0,0.0,0.0,0.0,0.0,0.0
00-0038567,2026,espn,0.0,0.0,0.0,0.0,0.0,0.0,0.0,0.0,0.0
00-0038570,2026,espn,0.0,0.0,0.0,0.0,0.0,0.0,0.0,0.0,0.0
00-0038573,2026,espn,0.0,0.0,0.0,11.02414589,0.065176303,3.491311725,38.09321772,0.272270008,10.427725952
00-0038574,2026,espn,0.0,0.0,0.0,0.0,0.0,0.0,0.0,0.0,0.0
00-0038576,2026,espn,0.0,0.0,0.0,0.0,0.0,0.0,0.0,0.0,0.0
00-0038577,2026,espn,0.0,0.0,0.0,0.0,0.0,0.0,0.0,0.0,0.0
00-0038578,2026,espn,0.0,0.0,0.0,0.0,0.0,0.0,0.0,0.0,0.0
00-0038579,2026,espn,0.0,0.0,0.0,0.0,0.0,0.0,0.0,0.0,0.0
00-0038588,2026,espn,0.0,0.0,0.0,0.0,0.0,0.0,0.0,0.0,0.0
00-0038589,2026,espn,0.0,0.0,0.0,0.0,0.0,3.613304028,32.95249145,0.317435382,8.813165464999999
00-0038591,2026,espn,0.0,0.0,0.0,0.0,0.0,0.0,0.0,0.0,0.0
00-0038594,2026,espn,0.0,0.0,0.0,0.0,0.0,0.0,0.0,0.0,0.0
00-0038596,2026,espn,0.0,0.0,0.0,0.0,0.0,0.0,0.0,0.0,0.0
00-0038597,2026,espn,0.0,0.0,0.0,1038.346613,7.392936046,64.27837336,434.8893576,2.850266189,273.06118383
00-0038597,2026,fantasypros,,,,1037.5,7.8,63.8,427.6,4.0,281.11
00-0038599,2026,espn,0.0,0.0,0.0,0.0,0.0,0.0,0.0,0.0,0.0
00-0038600,2026,espn,0.0,0.0,0.0,0.0,0.0,0.0,0.0,0.0,0.0
00-0038603,2026,espn,0.0,0.0,0.0,0.0,0.0,0.0,0.0,0.0,0.0
00-0038605,2026,espn,0.0,0.0,0.0,0.0,0.0,0.0,0.0,0.0,0.0
00-0038606,2026,espn,0.0,0.0,0.0,38.93720773,0.267125261,63.75868294,850.5497659,5.179999423,185.39012840700002
00-0038608,2026,espn,0.0,0.0,0.0,0.0,0.0,40.79581649,527.7128277,2.847330117,110.65107996200001
00-0038610,2026,espn,0.0,0.0,0.0,0.0,0.0,0.0,0.0,0.0,0.0
00-0038611,2026,espn,0.0,0.0,0.0,432.2840562,3.408158472,4.12126679,29.47608715,0.158677859,71.69829911100001
00-0038612,2026,espn,0.0,0.0,0.0,0.0,0.0,0.0,0.0,0.0,0.0
00-0038616,2026,espn,0.0,0.0,0.0,0.0,0.0,0.0,0.0,0.0,0.0
00-0038618,2026,espn,0.0,0.0,0.0,12.42063648,0.067136137,18.71743545,229.7477046,1.102336083,49.951102878
00-0038619,2026,espn,0.0,0.0,0.0,11.08179836,0.086161582,20.51104496,234.8247504,2.114248818,58.304162235999996
00-0038621,2026,espn,0.0,0.0,0.0,21.41437797,0.153774362,30.20872554,365.3044202,2.027665598,81.96924511699999
00-0038623,2026,espn,0.0,0.0,0.0,0.0,0.0,0.0,0.0,0.0,0.0
00-0038625,2026,espn,0.0,0.0,0.0,0.0,0.0,0.0,0.0,0.0,0.0
00-0038640,2026,espn,0.0,0.0,0.0,0.0,0.0,0.0,0.0,0.0,0.0
00-0038642,2026,espn,0.0,0.0,0.0,0.0,0.0,0.0,0.0,0.0,0.0
00-0038646,2026,espn,0.0,0.0,0.0,0.0,0.0,0.0,0.0,0.0,0.0
00-0038653,2026,espn,0.0,0.0,0.0,0.0,0.0,0.0,0.0,0.0,0.0
00-0038679,2026,espn,0.0,0.0,0.0,0.0,0.0,4.026212432,52.11938592,0.293815014,11.001041108
00-0038685,2026,espn,0.0,0.0,0.0,98.29256205,0.61645554,11.78750463,82.52146993,0.429688426,36.145771624
00-0038694,2026,espn,0.0,0.0,0.0,0.0,0.0,0.0,0.0,0.0,0.0
00-0038703,2026,espn,0.0,0.0,0.0,0.0,0.0,0.0,0.0,0.0,0.0
00-0038705,2026,espn,0.0,0.0,0.0,255.8980836,1.404278175,15.72931196,108.5337068,0.616828088,64.29912857800001
00-0038710,2026,espn,0.0,0.0,0.0,0.0,0.0,3.569428035,31.66713793,0.171408193,7.764590986
00-0038711,2026,espn,0.0,0.0,0.0,0.0,0.0,0.0,0.0,0.0,0.0
00-0038715,2026,espn,0.0,0.0,0.0,0.0,0.0,0.0,0.0,0.0,0.0
00-0038720,2026,espn,0.0,0.0,0.0,0.0,0.0,0.0,0.0,0.0,0.0
00-0038738,2026,espn,0.0,0.0,0.0,56.50389202,0.441159328,8.573895639,61.61839617,0.353202545,25.152295695999996
00-0038742,2026,espn,0.0,0.0,0.0,0.0,0.0,0.0,0.0,0.0,0.0
00-0038764,2026,espn,0.0,0.0,0.0,0.0,0.0,0.0,0.0,0.0,0.0
00-0038765,2026,espn,0.0,0.0,0.0,0.0,0.0,0.0,0.0,0.0,0.0
00-0038778,2026,espn,0.0,0.0,0.0,0.0,0.0,0.0,0.0,0.0,0.0
00-0038781,2026,espn,0.0,0.0,0.0,0.0,0.0,0.0,0.0,0.0,0.0
00-0038783,2026,espn,0.0,0.0,0.0,0.0,0.0,7.826207862,68.77636118,0.673364189,18.744029114
00-0038791,2026,espn,0.0,0.0,0.0,0.0,0.0,0.0,0.0,0.0,0.0
00-0038795,2026,espn,0.0,0.0,0.0,0.0,0.0,0.0,0.0,0.0,0.0
00-0038797,2026,espn,0.0,0.0,0.0,47.95940742,0.413926867,1.353837865,10.2550075,0.053153613,9.977762236999999
00-0038807,2026,espn,0.0,0.0,0.0,0.0,0.0,0.0,0.0,0.0,0.0
00-0038809,2026,espn,0.0,0.0,0.0,0.0,0.0,6.965667122,65.27153131,0.329573615,15.470261943
00-0038820,2026,espn,0.0,0.0,0.0,0.0,0.0,0.0,0.0,0.0,0.0
00-0038839,2026,espn,0.0,0.0,0.0,0.0,0.0,3.276224891,41.77382673,0.391366989,9.801809498
00-0038840,2026,espn,0.0,0.0,0.0,0.0,0.0,3.298578461,36.06958067,0.161428617,7.874108230000001
00-0038851,2026,espn,0.0,0.0,0.0,0.0,0.0,0.0,0.0,0.0,0.0
00-0038890,2026,espn,0.0,0.0,0.0,0.0,0.0,0.0,0.0,0.0,0.0
00-0038896,2026,espn,0.0,0.0,0.0,0.0,0.0,0.0,0.0,0.0,0.0
00-0038905,2026,espn,0.0,0.0,0.0,0.0,0.0,0.0,0.0,0.0,0.0
00-0038922,2026,espn,0.0,0.0,0.0,0.0,0.0,0.0,0.0,0.0,0.0
00-0038933,2026,espn,0.0,0.0,0.0,0.0,0.0,59.27194033,697.3802872,4.429532013,155.587161128
00-0038935,2026,espn,0.0,0.0,0.0,0.0,0.0,59.07150886,598.6881311,3.995479734,142.91320037399998
00-0038937,2026,espn,0.0,0.0,0.0,0.0,0.0,0.0,0.0,0.0,0.0
00-0038940,2026,espn,0.0,0.0,0.0,0.0,0.0,0.0,0.0,0.0,0.0
00-0038951,2026,espn,0.0,0.0,0.0,182.2238722,2.42671692,1.983687461,14.39579822,0.081366652,36.694155935
00-0038953,2026,espn,0.0,0.0,0.0,0.0,0.0,0.0,0.0,0.0,0.0
00-0038966,2026,espn,0.0,0.0,0.0,0.0,0.0,0.0,0.0,0.0,0.0
00-0038976,2026,espn,0.0,0.0,0.0,45.17141263,0.315711019,24.12393755,273.1064565,1.614254866,67.531519773
00-0038977,2026,espn,0.0,0.0,0.0,44.674251,0.198361075,34.49168614,415.1530803,2.405023173,96.09472475799998
00-0038978,2026,espn,0.0,0.0,0.0,0.0,0.0,0.0,0.0,0.0,0.0
00-0038979,2026,espn,0.0,0.0,0.0,0.0,0.0,3.002157631,33.8750132,0.178908824,7.463111895000001
00-0038980,2026,espn,0.0,0.0,0.0,0.0,0.0,0.0,0.0,0.0,0.0
00-0038982,2026,espn,0.0,0.0,0.0,0.0,0.0,0.0,0.0,0.0,0.0
00-0038994,2026,espn,0.0,0.0,0.0,14.42924058,0.112905969,60.49290662,770.2797761,5.1847631,170.749822702
00-0038995,2026,espn,0.0,0.0,0.0,0.0,0.0,0.0,0.0,0.0,0.0
00-0038996,2026,espn,0.0,0.0,0.0,8.438360411,0.136918732,71.38281822,818.3822161,4.394740125,181.2548290131
00-0038997,2026,espn,0.0,0.0,0.0,10.69145685,0.086517391,70.45222746,696.7837636,2.691326177,157.866810913
00-0039000,2026,espn,0.0,0.0,0.0,0.0,0.0,0.0,0.0,0.0,0.0
00-0039002,2026,espn,0.0,0.0,0.0,0.0,0.0,0.0,0.0,0.0,0.0
00-0039003,2026,espn,0.0,0.0,0.0,0.0,0.0,0.0,0.0,0.0,0.0
00-0039006,2026,espn,0.0,0.0,0.0,0.0,0.0,0.0,0.0,0.0,0.0
00-0039007,2026,espn,0.0,0.0,0.0,0.0,0.0,0.0,0.0,0.0,0.0
00-0039009,2026,espn,0.0,0.0,0.0,0.0,0.0,0.0,0.0,0.0,0.0
00-0039013,2026,espn,0.0,0.0,0.0,0.0,0.0,0.0,0.0,0.0,0.0
00-0039018,2026,espn,0.0,0.0,0.0,0.0,0.0,0.0,0.0,0.0,0.0
00-0039031,2026,espn,0.0,0.0,0.0,0.0,0.0,0.0,0.0,0.0,0.0
00-0039032,2026,espn,0.0,0.0,0.0,446.6986737,2.955545173,49.54259296,336.3456291,1.602133433,155.193094876
00-0039040,2026,espn,0.0,0.0,0.0,1308.482817,5.026518287,64.73209229,511.1251041,2.951569716,294.56141241800003
00-0039040,2026,fantasypros,,,,1200.2,6.0,65.2,490.7,4.0,294.29
00-0039041,2026,espn,0.0,0.0,0.0,0.0,0.0,20.90087515,182.0544044,0.67990238,43.18572987
00-0039047,2026,espn,0.0,0.0,0.0,0.0,0.0,0.0,0.0,0.0,0.0
00-0039049,2026,espn,0.0,0.0,0.0,0.0,0.0,0.0,0.0,0.0,0.0
00-0039050,2026,espn,0.0,0.0,0.0,0.0,0.0,7.233952628,70.54943348,0.629655543,18.066829234
00-0039051,2026,espn,0.0,0.0,0.0,0.0,0.0,0.0,0.0,0.0,0.0
00-0039052,2026,espn,0.0,0.0,0.0,0.0,0.0,0.0,0.0,0.0,0.0
00-0039053,2026,espn,0.0,0.0,0.0,0.0,0.0,0.0,0.0,0.0,0.0
00-0039054,2026,espn,0.0,0.0,0.0,0.0,0.0,0.0,0.0,0.0,0.0
00-0039059,2026,espn,0.0,0.0,0.0,0.0,0.0,0.0,0.0,0.0,0.0
00-0039061,2026,espn,0.0,0.0,0.0,0.0,0.0,0.0,0.0,0.0,0.0
00-0039062,2026,espn,0.0,0.0,0.0,0.0,0.0,2.857849433,40.55626808,0.251160256,8.420437777
00-0039063,2026,espn,0.0,0.0,0.0,0.0,0.0,0.0,0.0,0.0,0.0
00-0039064,2026,espn,0.0,0.0,0.0,57.3889178,0.449808609,81.70551689,1171.43662,5.506666331,240.32692031
00-0039065,2026,espn,0.0,0.0,0.0,0.0,0.0,78.31308522,786.5579942,5.354117883,189.093591938
00-0039065,2026,fantasypros,,,,,,70.4,813.9,5.5,184.79000000000002
00-0039066,2026,espn,0.0,0.0,0.0,0.0,0.0,37.03965993,363.9285017,1.311041375,81.29875835
00-0039067,2026,espn,0.0,0.0,0.0,42.82369035,0.597774997,92.65337152,1085.134256,8.800670085,261.83983664699997
00-0039067,2026,fantasypros,,,,25.6,0.9,97.9,1084.7,9.6,271.93000000000006
00-0039068,2026,espn,0.0,0.0,0.0,0.0,0.0,0.0,0.0,0.0,0.0
00-0039070,2026,espn,0.0,0.0,0.0,0.0,0.0,0.0,0.0,0.0,0.0
00-0039071,2026,espn,0.0,0.0,0.0,0.0,0.0,0.0,0.0,0.0,0.0
00-0039074,2026,espn,0.0,0.0,0.0,0.0,0.0,7.814631143,73.64288679,0.738265359,19.608511976000003
00-0039075,2026,espn,0.0,0.0,0.0,105.6800373,1.181057797,122.8706417,1590.33862,9.715987521,357.854779338
00-0039075,2026,fantasypros,,,,85.0,1.4,117.0,1539.0,9.0,341.8
00-0039107,2026,espn,0.0,0.0,0.0,0.0,0.0,0.0,0.0,0.0,0.0
00-0039108,2026,espn,0.0,0.0,0.0,0.0,0.0,0.0,0.0,0.0,0.0
00-0039110,2026,espn,0.0,0.0,0.0,0.0,0.0,0.0,0.0,0.0,0.0
00-0039111,2026,espn,0.0,0.0,0.0,0.0,0.0,0.0,0.0,0.0,0.0
00-0039112,2026,espn,0.0,0.0,0.0,0.0,0.0,0.0,0.0,0.0,0.0
00-0039137,2026,espn,0.0,0.0,0.0,0.0,0.0,0.0,0.0,0.0,0.0
00-0039138,2026,espn,0.0,0.0,0.0,0.0,0.0,0.0,0.0,0.0,0.0
00-0039139,2026,espn,0.0,0.0,0.0,1372.600184,14.45294482,67.79444065,545.9143802,3.376143098,366.62042457800004
00-0039139,2026,fantasypros,,,,1382.5,13.8,71.3,581.0,4.1,375.05000000000007
00-0039141,2026,espn,0.0,0.0,0.0,0.0,0.0,0.0,0.0,0.0,0.0
00-0039142,2026,espn,0.0,0.0,0.0,0.0,0.0,0.0,0.0,0.0,0.0
00-0039144,2026,espn,0.0,0.0,0.0,0.0,0.0,7.469582539,67.43895624,0.346307975,16.291326013000003
00-0039146,2026,espn,0.0,0.0,0.0,64.7976407,0.418738763,63.34168957,727.1664278,4.357166841,171.193530044
00-0039147,2026,espn,0.0,0.0,0.0,0.0,0.0,0.0,0.0,0.0,0.0
00-0039148,2026,espn,0.0,0.0,0.0,0.0,0.0,0.0,0.0,0.0,0.0
00-0039149,2026,espn,0.0,0.0,0.0,0.0,0.0,0.0,0.0,0.0,0.0
00-0039150,2026,espn,3639.760263,20.27604671,12.13237338,272.2850051,2.135659492,0.0,0.0,0.0,242.47230806199997
00-0039151,2026,espn,0.0,0.0,0.0,0.0,0.0,0.0,0.0,0.0,0.0
00-0039155,2026,espn,0.0,0.0,0.0,0.0,0.0,0.0,0.0,0.0,0.0
00-0039156,2026,espn,0.0,0.0,0.0,0.0,0.0,0.0,0.0,0.0,0.0
00-0039163,2026,espn,3950.009653,21.5118877,12.04594032,249.3140223,1.052107296,0.0,0.0,0.0,251.20010228599998
00-0039165,2026,espn,0.0,0.0,0.0,555.1418321,6.864540149,20.32445931,145.0348249,0.44265715,134.18530880400002
00-0039167,2026,espn,0.0,0.0,0.0,0.0,0.0,0.0,0.0,0.0,0.0
00-0039169,2026,espn,0.0,0.0,0.0,0.0,0.0,0.0,0.0,0.0,0.0
00-0039172,2026,espn,0.0,0.0,0.0,0.0,0.0,0.0,0.0,0.0,0.0
00-0039176,2026,espn,0.0,0.0,0.0,0.0,0.0,0.0,0.0,0.0,0.0
00-0039178,2026,espn,0.0,0.0,0.0,0.0,0.0,0.0,0.0,0.0,0.0
00-0039229,2026,espn,0.0,0.0,0.0,0.0,0.0,0.0,0.0,0.0,0.0
00-0039232,2026,espn,0.0,0.0,0.0,0.0,0.0,0.0,0.0,0.0,0.0
00-0039234,2026,espn,0.0,0.0,0.0,0.0,0.0,0.0,0.0,0.0,0.0
00-0039244,2026,espn,0.0,0.0,0.0,0.0,0.0,0.0,0.0,0.0,0.0
00-0039267,2026,espn,0.0,0.0,0.0,0.0,0.0,0.0,0.0,0.0,0.0
00-0039284,2026,espn,0.0,0.0,0.0,0.0,0.0,0.0,0.0,0.0,0.0
00-0039289,2026,espn,0.0,0.0,0.0,0.0,0.0,0.0,0.0,0.0,0.0
00-0039291,2026,espn,0.0,0.0,0.0,0.0,0.0,0.0,0.0,0.0,0.0
00-0039299,2026,espn,0.0,0.0,0.0,164.1430671,1.52871609,8.010250981,62.21520322,0.283339562,41.518411924999995
00-0039309,2026,espn,0.0,0.0,0.0,0.0,0.0,0.0,0.0,0.0,0.0
00-0039323,2026,espn,0.0,0.0,0.0,0.0,0.0,0.0,0.0,0.0,0.0
00-0039324,2026,espn,0.0,0.0,0.0,0.0,0.0,0.0,0.0,0.0,0.0
00-0039332,2026,espn,0.0,0.0,0.0,0.0,0.0,0.0,0.0,0.0,0.0
00-0039337,2026,espn,0.0,0.0,0.0,22.92238473,0.145378592,86.11655478,1135.211416,7.267730914,246.40859188900004
00-0039338,2026,espn,0.0,0.0,0.0,15.40766243,0.194882436,98.8530239,998.5507251,6.557770825,240.764782219
00-0039338,2026,fantasypros,,,,,,96.6,1022.9,7.5,243.89
00-0039340,2026,espn,0.0,0.0,0.0,0.0,0.0,0.0,0.0,0.0,0.0
00-0039342,2026,espn,0.0,0.0,0.0,10.74951526,0.057667193,35.85330849,417.5101686,2.570262074,94.44685247800001
00-0039343,2026,espn,0.0,0.0,0.0,0.0,0.0,0.0,0.0,0.0,0.0
00-0039344,2026,espn,0.0,0.0,0.0,809.5778836,4.337974805,32.69476371,246.6349041,1.23992816,171.78346027
00-0039345,2026,espn,0.0,0.0,0.0,0.0,0.0,0.0,0.0,0.0,0.0
00-0039346,2026,espn,0.0,0.0,0.0,0.0,0.0,0.0,0.0,0.0,0.0
00-0039347,2026,espn,0.0,0.0,0.0,0.0,0.0,0.0,0.0,0.0,0.0
00-0039352,2026,espn,0.0,0.0,0.0,0.0,0.0,0.0,0.0,0.0,0.0
00-0039353,2026,espn,0.0,0.0,0.0,0.0,0.0,0.0,0.0,0.0,0.0
00-0039354,2026,espn,0.0,0.0,0.0,0.0,0.0,0.0,0.0,0.0,0.0
00-0039355,2026,espn,0.0,0.0,0.0,0.0,0.0,6.708166773,80.26164379,0.500115102,17.735021764
00-0039356,2026,espn,0.0,0.0,0.0,0.0,0.0,19.52725859,164.2876026,1.082929318,42.453594758
00-0039359,2026,espn,0.0,0.0,0.0,9.667376299,0.104079945,15.48450342,133.4043296,0.737414295,34.840639449899996
00-0039360,2026,espn,0.0,0.0,0.0,0.0,0.0,0.0,0.0,0.0,0.0
00-0039361,2026,espn,0.0,0.0,0.0,991.2257144,5.312248151,36.81328859,294.037396,1.740157413,207.654033014
00-0039363,2026,espn,0.0,0.0,0.0,0.0,0.0,0.0,0.0,0.0,0.0
00-0039365,2026,espn,0.0,0.0,0.0,0.0,0.0,0.0,0.0,0.0,0.0
00-0039366,2026,espn,0.0,0.0,0.0,0.0,0.0,0.0,0.0,0.0,0.0
00-0039368,2026,espn,0.0,0.0,0.0,0.0,0.0,0.0,0.0,0.0,0.0
00-0039369,2026,espn,0.0,0.0,0.0,0.0,0.0,0.0,0.0,0.0,0.0
00-0039370,2026,espn,0.0,0.0,0.0,0.0,0.0,0.0,0.0,0.0,0.0
00-0039371,2026,espn,0.0,0.0,0.0,0.0,0.0,0.0,0.0,0.0,0.0
00-0039374,2026,espn,0.0,0.0,0.0,0.0,0.0,0.0,0.0,0.0,0.0
00-0039375,2026,espn,0.0,0.0,0.0,0.0,0.0,0.0,0.0,0.0,0.0
00-0039376,2026,espn,153.4551878,0.810942842,0.510192755,7.114091687,0.022588682,0.0,0.0,0.0,9.2085346307
00-0039377,2026,espn,0.0,0.0,0.0,0.0,0.0,0.0,0.0,0.0,0.0
00-0039380,2026,espn,0.0,0.0,0.0,0.0,0.0,0.0,0.0,0.0,0.0
00-0039384,2026,espn,0.0,0.0,0.0,151.1474999,0.501932605,11.92438153,86.89539622,0.411339091,41.208301318
00-0039387,2026,espn,0.0,0.0,0.0,0.0,0.0,0.0,0.0,0.0,0.0
00-0039391,2026,espn,0.0,0.0,0.0,136.3615232,1.0962485,7.840231819,63.04257126,0.371268795,36.585745035
00-0039396,2026,espn,0.0,0.0,0.0,0.0,0.0,0.0,0.0,0.0,0.0
00-0039398,2026,espn,0.0,0.0,0.0,0.0,0.0,0.0,0.0,0.0,0.0
00-0039401,2026,espn,0.0,0.0,0.0,0.0,0.0,0.0,0.0,0.0,0.0
00-0039404,2026,espn,0.0,0.0,0.0,0.0,0.0,0.0,0.0,0.0,0.0
00-0039405,2026,espn,0.0,0.0,0.0,54.06636977,0.255550828,0.0,0.0,0.0,6.939941945000001
00-0039407,2026,espn,0.0,0.0,0.0,0.0,0.0,0.0,0.0,0.0,0.0
00-0039409,2026,espn,0.0,0.0,0.0,0.0,0.0,0.0,0.0,0.0,0.0
00-0039410,2026,espn,0.0,0.0,0.0,12.44454089,0.095179518,33.78962528,383.1400064,2.662224074,89.892501561
00-0039412,2026,espn,0.0,0.0,0.0,0.0,0.0,0.0,0.0,0.0,0.0
00-0039414,2026,espn,0.0,0.0,0.0,0.0,0.0,0.0,0.0,0.0,0.0
00-0039417,2026,espn,0.0,0.0,0.0,0.0,0.0,0.0,0.0,0.0,0.0
00-0039421,2026,espn,0.0,0.0,0.0,0.0,0.0,0.0,0.0,0.0,0.0
00-0039423,2026,espn,0.0,0.0,0.0,0.0,0.0,0.0,0.0,0.0,0.0
00-0039424,2026,espn,0.0,0.0,0.0,0.0,0.0,49.51763103,544.4004074,3.378762259,124.230245324
00-0039427,2026,espn,0.0,0.0,0.0,0.0,0.0,0.0,0.0,0.0,0.0
00-0039430,2026,espn,0.0,0.0,0.0,0.0,0.0,0.0,0.0,0.0,0.0
00-0039431,2026,espn,0.0,0.0,0.0,0.0,0.0,0.0,0.0,0.0,0.0
00-0039435,2026,espn,0.0,0.0,0.0,0.0,0.0,0.0,0.0,0.0,0.0
00-0039436,2026,espn,0.0,0.0,0.0,0.0,0.0,0.0,0.0,0.0,0.0
00-0039451,2026,espn,0.0,0.0,0.0,12.71053855,0.10561692,11.74636929,114.1520854,0.430891812,27.651684077000002
00-0039454,2026,espn,0.0,0.0,0.0,0.0,0.0,0.0,0.0,0.0,0.0
00-0039465,2026,espn,0.0,0.0,0.0,0.0,0.0,0.0,0.0,0.0,0.0
00-0039477,2026,espn,0.0,0.0,0.0,0.0,0.0,0.0,0.0,0.0,0.0
00-0039481,2026,espn,0.0,0.0,0.0,0.0,0.0,0.0,0.0,0.0,0.0
00-0039491,2026,espn,0.0,0.0,0.0,0.0,0.0,61.38934923,688.9591734,2.953728888,148.007639898
00-0039498,2026,espn,0.0,0.0,0.0,0.0,0.0,0.0,0.0,0.0,0.0
00-0039515,2026,espn,0.0,0.0,0.0,0.0,0.0,0.0,0.0,0.0,0.0
00-0039521,2026,espn,0.0,0.0,0.0,0.0,0.0,0.0,0.0,0.0,0.0
00-0039530,2026,espn,0.0,0.0,0.0,0.0,0.0,3.854492632,36.73404767,0.329276506,9.503556435
00-0039566,2026,espn,0.0,0.0,0.0,0.0,0.0,0.0,0.0,0.0,0.0
00-0039576,2026,espn,0.0,0.0,0.0,0.0,0.0,0.0,0.0,0.0,0.0
00-0039589,2026,espn,0.0,0.0,0.0,12.06980807,0.105712034,0.0,0.0,0.0,1.841253011
00-0039596,2026,espn,0.0,0.0,0.0,0.0,0.0,0.0,0.0,0.0,0.0
00-0039603,2026,espn,0.0,0.0,0.0,18.03053506,0.098604081,0.0,0.0,0.0,2.394677992
00-0039611,2026,espn,0.0,0.0,0.0,0.0,0.0,0.0,0.0,0.0,0.0
00-0039622,2026,espn,0.0,0.0,0.0,0.0,0.0,0.0,0.0,0.0,0.0
00-0039623,2026,espn,0.0,0.0,0.0,0.0,0.0,6.79045608,80.53151804,0.333605606,16.845241520000002
00-0039634,2026,espn,0.0,0.0,0.0,0.0,0.0,0.0,0.0,0.0,0.0
00-0039660,2026,espn,0.0,0.0,0.0,0.0,0.0,0.0,0.0,0.0,0.0
00-0039681,2026,espn,0.0,0.0,0.0,0.0,0.0,0.0,0.0,0.0,0.0
00-0039692,2026,espn,0.0,0.0,0.0,0.0,0.0,0.0,0.0,0.0,0.0
00-0039696,2026,espn,0.0,0.0,0.0,0.0,0.0,0.0,0.0,0.0,0.0
00-0039710,2026,espn,0.0,0.0,0.0,0.0,0.0,0.0,0.0,0.0,0.0
00-0039714,2026,espn,0.0,0.0,0.0,0.0,0.0,0.0,0.0,0.0,0.0
00-0039718,2026,espn,0.0,0.0,0.0,0.0,0.0,0.0,0.0,0.0,0.0
00-0039720,2026,espn,0.0,0.0,0.0,0.0,0.0,0.0,0.0,0.0,0.0
00-0039732,2026,espn,3877.399273,26.51704507,11.12347284,356.2317267,3.991783394,0.0,0.0,0.0,298.49107855399996
00-0039733,2026,espn,0.0,0.0,0.0,0.0,0.0,0.0,0.0,0.0,0.0
00-0039734,2026,espn,0.0,0.0,0.0,0.0,0.0,0.0,0.0,0.0,0.0
00-0039737,2026,espn,0.0,0.0,0.0,0.0,0.0,3.8247459,34.43429685,0.19549475,8.441144085
00-0039738,2026,espn,0.0,0.0,0.0,837.4914847,7.325379673,16.67569491,117.1191453,0.609244541,159.744503194
00-0039739,2026,espn,0.0,0.0,0.0,0.0,0.0,11.77764893,135.0624472,0.62959837,29.061483870000004
00-0039740,2026,espn,0.0,0.0,0.0,0.0,0.0,0.0,0.0,0.0,0.0
00-0039741,2026,espn,0.0,0.0,0.0,0.0,0.0,0.0,0.0,0.0,0.0
00-0039745,2026,espn,0.0,0.0,0.0,0.0,0.0,0.0,0.0,0.0,0.0
00-0039746,2026,espn,0.0,0.0,0.0,39.56690703,0.298850484,11.31106808,83.45332782,0.39652184,27.785325509
00-0039749,2026,espn,0.0,0.0,0.0,0.0,0.0,0.0,0.0,0.0,0.0
00-0039750,2026,espn,0.0,0.0,0.0,0.0,0.0,0.0,0.0,0.0,0.0
00-0039751,2026,espn,0.0,0.0,0.0,12.09356309,0.116735677,11.2632509,128.2236786,0.913457111,31.476131797
00-0039752,2026,espn,0.0,0.0,0.0,0.0,0.0,0.0,0.0,0.0,0.0
00-0039754,2026,espn,0.0,0.0,0.0,0.0,0.0,0.0,0.0,0.0,0.0
00-0039763,2026,espn,0.0,0.0,0.0,0.0,0.0,0.0,0.0,0.0,0.0
00-0039764,2026,espn,0.0,0.0,0.0,0.0,0.0,0.0,0.0,0.0,0.0
00-0039770,2026,espn,0.0,0.0,0.0,0.0,0.0,0.0,0.0,0.0,0.0
00-0039774,2026,espn,0.0,0.0,0.0,0.0,0.0,0.0,0.0,0.0,0.0
00-0039776,2026,espn,0.0,0.0,0.0,0.0,0.0,0.0,0.0,0.0,0.0
00-0039789,2026,espn,0.0,0.0,0.0,0.0,0.0,0.0,0.0,0.0,0.0
00-0039791,2026,espn,0.0,0.0,0.0,0.0,0.0,0.0,0.0,0.0,0.0
00-0039792,2026,espn,0.0,0.0,0.0,0.0,0.0,14.48730687,208.8012365,1.463926152,44.150987432
00-0039793,2026,espn,0.0,0.0,0.0,17.9798498,0.465878798,44.71428889,432.6635386,3.636338571,114.391931944
00-0039794,2026,espn,0.0,0.0,0.0,348.064304,2.911007523,12.72080907,90.22315247,0.430601195,76.59920702499998
00-0039795,2026,espn,0.0,0.0,0.0,0.0,0.0,0.0,0.0,0.0,0.0
00-0039796,2026,espn,0.0,0.0,0.0,0.0,0.0,0.0,0.0,0.0,0.0
00-0039798,2026,espn,0.0,0.0,0.0,178.3731703,1.31903079,12.88186554,96.1283234,0.418300303,50.756001467999994
00-0039807,2026,espn,0.0,0.0,0.0,0.0,0.0,0.0,0.0,0.0,0.0
00-0039809,2026,espn,0.0,0.0,0.0,0.0,0.0,0.0,0.0,0.0,0.0
00-0039811,2026,espn,0.0,0.0,0.0,380.9859319,2.828533692,16.04411983,113.692701,0.738202127,86.91239803400002
00-0039813,2026,espn,0.0,0.0,0.0,0.0,0.0,0.0,0.0,0.0,0.0
00-0039814,2026,espn,0.0,0.0,0.0,0.0,0.0,25.93906753,235.2313276,1.871209148,60.689455177999996
00-0039815,2026,espn,0.0,0.0,0.0,0.0,0.0,0.0,0.0,0.0,0.0
00-0039816,2026,espn,0.0,0.0,0.0,0.0,0.0,0.0,0.0,0.0,0.0
00-0039818,2026,espn,0.0,0.0,0.0,0.0,0.0,0.0,0.0,0.0,0.0
00-0039821,2026,espn,0.0,0.0,0.0,0.0,0.0,0.0,0.0,0.0,0.0
00-0039825,2026,espn,0.0,0.0,0.0,0.0,0.0,0.0,0.0,0.0,0.0
00-0039826,2026,espn,0.0,0.0,0.0,0.0,0.0,0.0,0.0,0.0,0.0
00-0039829,2026,espn,0.0,0.0,0.0,0.0,0.0,0.0,0.0,0.0,0.0
00-0039834,2026,espn,0.0,0.0,0.0,0.0,0.0,0.0,0.0,0.0,0.0
00-0039835,2026,espn,0.0,0.0,0.0,0.0,0.0,0.0,0.0,0.0,0.0
00-0039837,2026,espn,0.0,0.0,0.0,0.0,0.0,0.0,0.0,0.0,0.0
00-0039838,2026,espn,0.0,0.0,0.0,0.0,0.0,0.0,0.0,0.0,0.0
00-0039840,2026,espn,0.0,0.0,0.0,0.0,0.0,0.0,0.0,0.0,0.0
00-0039841,2026,espn,0.0,0.0,0.0,0.0,0.0,0.0,0.0,0.0,0.0
00-0039846,2026,espn,0.0,0.0,0.0,0.0,0.0,0.0,0.0,0.0,0.0
00-0039847,2026,espn,0.0,0.0,0.0,0.0,0.0,25.42998187,269.0748914,1.582080345,61.82995308
00-0039849,2026,espn,0.0,0.0,0.0,0.0,0.0,68.7572732,954.0375826,5.044070389,194.425453794
00-0039850,2026,espn,0.0,0.0,0.0,0.0,0.0,0.0,0.0,0.0,0.0
00-0039851,2026,espn,4096.064442,27.00975355,11.17105211,531.9216719,4.050607622,0.0,0.0,0.0,327.035300582
00-0039851,2026,fantasypros,4026.7,28.0,10.4,493.0,3.7,,,,323.768
00-0039852,2026,espn,0.0,0.0,0.0,0.0,0.0,0.0,0.0,0.0,0.0
00-0039854,2026,espn,0.0,0.0,0.0,0.0,0.0,0.0,0.0,0.0,0.0
00-0039855,2026,espn,0.0,0.0,0.0,24.56900415,0.213851637,47.26836256,588.6073995,3.857396982,133.013494639
00-0039858,2026,espn,0.0,0.0,0.0,0.0,0.0,0.0,0.0,0.0,0.0
00-0039859,2026,espn,0.0,0.0,0.0,0.0,0.0,0.0,0.0,0.0,0.0
00-0039860,2026,espn,0.0,0.0,0.0,0.0,0.0,0.0,0.0,0.0,0.0
00-0039861,2026,espn,0.0,0.0,0.0,0.0,0.0,0.0,0.0,0.0,0.0
00-0039862,2026,espn,0.0,0.0,0.0,0.0,0.0,0.0,0.0,0.0,0.0
00-0039864,2026,espn,0.0,0.0,0.0,0.0,0.0,0.0,0.0,0.0,0.0
00-0039867,2026,espn,0.0,0.0,0.0,0.0,0.0,0.0,0.0,0.0,0.0
00-0039868,2026,espn,0.0,0.0,0.0,10.59897295,0.079391871,16.972672,216.3940943,1.778288917,50.818063453
00-0039872,2026,espn,0.0,0.0,0.0,0.0,0.0,0.0,0.0,0.0,0.0
00-0039873,2026,espn,0.0,0.0,0.0,0.0,0.0,0.0,0.0,0.0,0.0
00-0039874,2026,espn,0.0,0.0,0.0,233.8391394,1.085511544,7.464196977,55.91376048,0.193289922,44.112295761000006
00-0039875,2026,espn,0.0,0.0,0.0,137.9326934,1.064373961,7.749225698,59.95106612,0.388171817,36.252876318000006
00-0039879,2026,espn,0.0,0.0,0.0,0.0,0.0,0.0,0.0,0.0,0.0
00-0039880,2026,espn,0.0,0.0,0.0,77.67168836,0.4395844,44.80621483,474.7726123,1.72992648,113.067710176
00-0039884,2026,espn,0.0,0.0,0.0,0.0,0.0,0.0,0.0,0.0,0.0
00-0039886,2026,espn,0.0,0.0,0.0,0.0,0.0,0.0,0.0,0.0,0.0
00-0039888,2026,espn,0.0,0.0,0.0,0.0,0.0,0.0,0.0,0.0,0.0
00-0039889,2026,espn,0.0,0.0,0.0,0.0,0.0,0.0,0.0,0.0,0.0
00-0039890,2026,espn,0.0,0.0,0.0,11.17616675,0.108716452,41.87539167,621.046921,3.621042135,127.476251967
00-0039893,2026,espn,0.0,0.0,0.0,23.14568739,0.164143474,57.10026491,860.6615976,5.059012348,176.819928341
00-0039894,2026,espn,0.0,0.0,0.0,76.21752641,0.599381895,55.65299696,790.9135694,4.657147501,173.90528291700002
00-0039895,2026,espn,0.0,0.0,0.0,0.0,0.0,0.0,0.0,0.0,0.0
00-0039898,2026,espn,0.0,0.0,0.0,0.0,0.0,0.0,0.0,0.0,0.0
00-0039901,2026,espn,0.0,0.0,0.0,0.0,0.0,24.42448097,337.720103,2.823396887,75.136872592
00-0039902,2026,espn,0.0,0.0,0.0,0.0,0.0,0.0,0.0,0.0,0.0
00-0039903,2026,espn,0.0,0.0,0.0,0.0,0.0,0.0,0.0,0.0,0.0
00-0039906,2026,espn,0.0,0.0,0.0,0.0,0.0,0.0,0.0,0.0,0.0
00-0039907,2026,espn,0.0,0.0,0.0,0.0,0.0,0.0,0.0,0.0,0.0
00-0039908,2026,espn,0.0,0.0,0.0,0.0,0.0,0.0,0.0,0.0,0.0
00-0039910,2026,espn,3850.644651,22.36080432,9.87479485,669.968539,5.111271162,0.0,0.0,0.0,321.383894492
00-0039910,2026,fantasypros,3679.6,23.8,11.0,686.0,4.7,,,,317.184
00-0039911,2026,espn,0.0,0.0,0.0,0.0,0.0,0.0,0.0,0.0,0.0
00-0039912,2026,espn,0.0,0.0,0.0,0.0,0.0,11.12331814,106.719519,0.811600434,26.664872644000003
00-0039915,2026,espn,0.0,0.0,0.0,0.0,0.0,79.62459863,1039.372852,6.310418936,221.424397446
00-0039916,2026,espn,0.0,0.0,0.0,0.0,0.0,0.0,0.0,0.0,0.0
00-0039917,2026,espn,1884.34696,9.472033929,5.082195086,76.74477606,0.896200412,0.0,0.0,0.0,116.14930402200002
00-0039918,2026,espn,3820.860956,25.25406174,9.921478715,381.7827056,2.28125134,0.0,0.0,0.0,285.87350637
00-0039919,2026,espn,0.0,0.0,0.0,0.0,0.0,59.31398774,1029.025659,8.417206438,212.719792268
00-0039920,2026,espn,0.0,0.0,0.0,43.94616979,0.210250639,1.676679149,16.81554879,0.053117331,9.333058826999999
00-0039921,2026,espn,0.0,0.0,0.0,0.0,0.0,0.0,0.0,0.0,0.0
00-0039923,2026,espn,598.7707377,3.351625275,2.264779871,43.84843245,0.619575915,0.0,0.0,0.0,40.93006960099999
00-0039924,2026,espn,0.0,0.0,0.0,0.0,0.0,0.0,0.0,0.0,0.0
00-0040008,2026,espn,0.0,0.0,0.0,0.0,0.0,0.0,0.0,0.0,0.0
00-0040009,2026,espn,0.0,0.0,0.0,46.91042965,0.322834824,20.48371939,230.8375389,1.686248622,60.313016921
00-0040010,2026,espn,0.0,0.0,0.0,0.0,0.0,0.0,0.0,0.0,0.0
00-0040011,2026,espn,0.0,0.0,0.0,0.0,0.0,0.0,0.0,0.0,0.0
00-0040012,2026,espn,0.0,0.0,0.0,0.0,0.0,0.0,0.0,0.0,0.0
00-0040013,2026,espn,0.0,0.0,0.0,0.0,0.0,0.0,0.0,0.0,0.0
00-0040016,2026,espn,0.0,0.0,0.0,0.0,0.0,0.0,0.0,0.0,0.0
00-0040019,2026,espn,0.0,0.0,0.0,0.0,0.0,0.0,0.0,0.0,0.0
00-0040020,2026,espn,0.0,0.0,0.0,0.0,0.0,0.0,0.0,0.0,0.0
00-0040021,2026,espn,0.0,0.0,0.0,0.0,0.0,0.0,0.0,0.0,0.0
00-0040024,2026,espn,0.0,0.0,0.0,0.0,0.0,3.257468901,37.69426035,0.253541343,8.548142994
00-0040027,2026,espn,0.0,0.0,0.0,0.0,0.0,0.0,0.0,0.0,0.0
00-0040033,2026,espn,0.0,0.0,0.0,0.0,0.0,0.0,0.0,0.0,0.0
00-0040041,2026,espn,0.0,0.0,0.0,0.0,0.0,0.0,0.0,0.0,0.0
00-0040056,2026,espn,0.0,0.0,0.0,0.0,0.0,0.0,0.0,0.0,0.0
00-0040061,2026,espn,0.0,0.0,0.0,0.0,0.0,0.0,0.0,0.0,0.0
00-0040069,2026,espn,0.0,0.0,0.0,0.0,0.0,0.0,0.0,0.0,0.0
00-0040072,2026,espn,0.0,0.0,0.0,0.0,0.0,0.0,0.0,0.0,0.0
00-0040074,2026,espn,0.0,0.0,0.0,0.0,0.0,0.0,0.0,0.0,0.0
00-0040075,2026,espn,0.0,0.0,0.0,0.0,0.0,0.0,0.0,0.0,0.0
00-0040076,2026,espn,0.0,0.0,0.0,0.0,0.0,0.0,0.0,0.0,0.0
00-0040078,2026,espn,0.0,0.0,0.0,0.0,0.0,0.0,0.0,0.0,0.0
00-0040089,2026,espn,0.0,0.0,0.0,0.0,0.0,0.0,0.0,0.0,0.0
00-0040106,2026,espn,0.0,0.0,0.0,0.0,0.0,0.0,0.0,0.0,0.0
00-0040122,2026,espn,0.0,0.0,0.0,1127.709246,7.075028601,65.23226995,495.8064851,2.021363277,282.162194328
00-0040122,2026,fantasypros,,,,1046.9,7.4,56.7,400.6,3.0,263.85
00-0040124,2026,espn,0.0,0.0,0.0,0.0,0.0,83.60374891,1184.993339,5.871623924,237.332826354
00-0040126,2026,espn,0.0,0.0,0.0,0.0,0.0,80.18304076,897.3940214,6.009041671,205.97669292600003
00-0040126,2026,fantasypros,,,,,,79.1,927.1,6.7,212.01
00-0040127,2026,espn,0.0,0.0,0.0,0.0,0.0,0.0,0.0,0.0,0.0
00-0040128,2026,espn,0.0,0.0,0.0,14.36529366,0.378663119,84.95411439,894.3924243,5.509600049,211.159465194
00-0040128,2026,fantasypros,,,,,,79.0,878.5,5.5,199.85000000000002
00-0040129,2026,espn,0.0,0.0,0.0,11.87965713,0.101632746,69.61176292,1127.305546,7.454721843,228.868410767
00-0040130,2026,espn,0.0,0.0,0.0,0.0,0.0,0.0,0.0,0.0,0.0
00-0040131,2026,espn,0.0,0.0,0.0,22.35578332,0.1924663,16.04233578,232.2457723,1.397307873,51.04113638
00-0040132,2026,espn,0.0,0.0,0.0,0.0,0.0,0.0,0.0,0.0,0.0
00-0040133,2026,espn,0.0,0.0,0.0,0.0,0.0,0.0,0.0,0.0,0.0
00-0040134,2026,espn,0.0,0.0,0.0,0.0,0.0,28.38786986,320.493774,2.117297759,73.141033814
00-0040136,2026,espn,0.0,0.0,0.0,0.0,0.0,0.0,0.0,0.0,0.0
00-0040137,2026,espn,0.0,0.0,0.0,0.0,0.0,0.0,0.0,0.0,0.0
00-0040138,2026,espn,0.0,0.0,0.0,22.19996818,0.125864562,39.58669115,449.0245018,2.484159817,102.369284422
00-0040139,2026,espn,0.0,0.0,0.0,0.0,0.0,0.0,0.0,0.0,0.0
00-0040141,2026,espn,0.0,0.0,0.0,0.0,0.0,0.0,0.0,0.0,0.0
00-0040142,2026,espn,0.0,0.0,0.0,35.9112826,0.218064051,0.0,0.0,0.0,4.899512566
00-0040143,2026,espn,0.0,0.0,0.0,0.0,0.0,0.0,0.0,0.0,0.0
00-0040144,2026,espn,0.0,0.0,0.0,0.0,0.0,0.0,0.0,0.0,0.0
00-0040145,2026,espn,0.0,0.0,0.0,0.0,0.0,0.0,0.0,0.0,0.0
00-0040148,2026,espn,0.0,0.0,0.0,0.0,0.0,0.0,0.0,0.0,0.0
00-0040149,2026,espn,0.0,0.0,0.0,0.0,0.0,0.0,0.0,0.0,0.0
00-0040152,2026,espn,0.0,0.0,0.0,0.0,0.0,0.0,0.0,0.0,0.0
00-0040153,2026,espn,0.0,0.0,0.0,0.0,0.0,0.0,0.0,0.0,0.0
00-0040154,2026,espn,0.0,0.0,0.0,0.0,0.0,3.715553816,37.0612016,0.235535634,8.834887779999999
00-0040155,2026,espn,0.0,0.0,0.0,0.0,0.0,0.0,0.0,0.0,0.0
00-0040156,2026,espn,0.0,0.0,0.0,0.0,0.0,0.0,0.0,0.0,0.0
00-0040157,2026,espn,0.0,0.0,0.0,0.0,0.0,0.0,0.0,0.0,0.0
00-0040158,2026,espn,0.0,0.0,0.0,0.0,0.0,0.0,0.0,0.0,0.0
00-0040159,2026,espn,0.0,0.0,0.0,0.0,0.0,0.0,0.0,0.0,0.0
00-0040160,2026,espn,0.0,0.0,0.0,0.0,0.0,0.0,0.0,0.0,0.0
00-0040161,2026,espn,0.0,0.0,0.0,0.0,0.0,0.0,0.0,0.0,0.0
00-0040162,2026,espn,0.0,0.0,0.0,236.5998604,1.085593699,29.84364984,208.4233183,1.211274669,88.12717791800002
00-0040164,2026,espn,0.0,0.0,0.0,0.0,0.0,12.4342526,159.4619493,1.08458154,34.887936769999996
00-0040165,2026,espn,0.0,0.0,0.0,0.0,0.0,0.0,0.0,0.0,0.0
00-0040166,2026,espn,0.0,0.0,0.0,0.0,0.0,0.0,0.0,0.0,0.0
00-0040168,2026,espn,0.0,0.0,0.0,0.0,0.0,0.0,0.0,0.0,0.0
00-0040169,2026,espn,0.0,0.0,0.0,0.0,0.0,0.0,0.0,0.0,0.0
00-0040170,2026,espn,0.0,0.0,0.0,0.0,0.0,8.835290378,115.5428911,0.616724346,24.089925564
00-0040171,2026,espn,0.0,0.0,0.0,0.0,0.0,0.0,0.0,0.0,0.0
00-0040173,2026,espn,0.0,0.0,0.0,0.0,0.0,0.0,0.0,0.0,0.0
00-0040174,2026,espn,0.0,0.0,0.0,0.0,0.0,0.0,0.0,0.0,0.0
00-0040175,2026,espn,0.0,0.0,0.0,0.0,0.0,0.0,0.0,0.0,0.0
00-0040176,2026,espn,0.0,0.0,0.0,0.0,0.0,0.0,0.0,0.0,0.0
00-0040177,2026,espn,0.0,0.0,0.0,151.1537986,1.010040547,4.085185637,31.18204795,0.170136329,29.399831548
00-0040178,2026,espn,0.0,0.0,0.0,0.0,0.0,0.0,0.0,0.0,0.0
00-0040179,2026,espn,0.0,0.0,0.0,140.4725598,1.003577626,8.442204464,58.29673014,0.311081751,36.20708972
00-0040182,2026,espn,0.0,0.0,0.0,0.0,0.0,0.0,0.0,0.0,0.0
00-0040183,2026,espn,0.0,0.0,0.0,0.0,0.0,0.0,0.0,0.0,0.0
00-0040184,2026,espn,0.0,0.0,0.0,0.0,0.0,6.419784053,80.61459882,0.571666583,17.911243433
00-0040185,2026,espn,0.0,0.0,0.0,0.0,0.0,0.0,0.0,0.0,0.0
00-0040186,2026,espn,0.0,0.0,0.0,0.0,0.0,0.0,0.0,0.0,0.0
00-0040187,2026,espn,0.0,0.0,0.0,0.0,0.0,0.0,0.0,0.0,0.0
00-0040188,2026,espn,0.0,0.0,0.0,0.0,0.0,0.0,0.0,0.0,0.0
00-0040189,2026,espn,0.0,0.0,0.0,0.0,0.0,30.25671666,321.6850386,2.526983105,77.58711914999999
00-0040192,2026,espn,0.0,0.0,0.0,0.0,0.0,0.0,0.0,0.0,0.0
00-0040194,2026,espn,0.0,0.0,0.0,0.0,0.0,11.09334146,110.140222,0.88818891,27.43649712
00-0040195,2026,espn,0.0,0.0,0.0,0.0,0.0,0.0,0.0,0.0,0.0
00-0040197,2026,espn,0.0,0.0,0.0,0.0,0.0,0.0,0.0,0.0,0.0
00-0040198,2026,espn,0.0,0.0,0.0,203.473095,1.226490584,3.933694285,27.73225431,0.12200018,35.14517380000001
00-0040199,2026,espn,0.0,0.0,0.0,0.0,0.0,0.0,0.0,0.0,0.0
00-0040200,2026,espn,0.0,0.0,0.0,0.0,0.0,0.0,0.0,0.0,0.0
00-0040201,2026,espn,0.0,0.0,0.0,0.0,0.0,0.0,0.0,0.0,0.0
00-0040202,2026,espn,0.0,0.0,0.0,0.0,0.0,0.0,0.0,0.0,0.0
00-0040203,2026,espn,0.0,0.0,0.0,0.0,0.0,0.0,0.0,0.0,0.0
00-0040204,2026,espn,0.0,0.0,0.0,0.0,0.0,0.0,0.0,0.0,0.0
00-0040206,2026,espn,158.4637998,0.828288044,0.509213238,5.446937429,0.07879751,0.0,0.0,0.0,9.6507564949
00-0040208,2026,espn,0.0,0.0,0.0,128.4174019,0.943496094,0.0,0.0,0.0,18.502716753999998
00-0040213,2026,espn,0.0,0.0,0.0,0.0,0.0,0.0,0.0,0.0,0.0
00-0040216,2026,espn,0.0,0.0,0.0,0.0,0.0,0.0,0.0,0.0,0.0
00-0040218,2026,espn,0.0,0.0,0.0,36.7156183,0.169254443,6.662296133,75.64069153,0.41258351,21.388954834
00-0040221,2026,espn,0.0,0.0,0.0,0.0,0.0,0.0,0.0,0.0,0.0
00-0040223,2026,espn,0.0,0.0,0.0,0.0,0.0,0.0,0.0,0.0,0.0
00-0040229,2026,espn,0.0,0.0,0.0,0.0,0.0,0.0,0.0,0.0,0.0
00-0040230,2026,espn,0.0,0.0,0.0,0.0,0.0,0.0,0.0,0.0,0.0
00-0040234,2026,espn,153.1546517,0.568178465,0.604986848,4.016696817,0.020011072,0.0,0.0,0.0,7.710662345699999
00-0040235,2026,espn,0.0,0.0,0.0,0.0,0.0,0.0,0.0,0.0,0.0
00-0040236,2026,espn,0.0,0.0,0.0,824.8634387,6.466265712,25.65320647,214.9753766,1.278920446,176.108204948
00-0040237,2026,espn,0.0,0.0,0.0,23.24403853,0.212046535,6.657064068,77.52020939,0.603192933,21.624925668000003
00-0040238,2026,espn,0.0,0.0,0.0,33.98829536,0.19367674,21.67998355,148.2390099,0.846802899,46.14559191
00-0040242,2026,espn,0.0,0.0,0.0,848.0355851,7.447980342,16.04850129,119.027726,0.672575165,161.47816544199998
00-0040243,2026,espn,0.0,0.0,0.0,0.0,0.0,0.0,0.0,0.0,0.0
00-0040248,2026,espn,0.0,0.0,0.0,0.0,0.0,0.0,0.0,0.0,0.0
00-0040249,2026,espn,0.0,0.0,0.0,0.0,0.0,0.0,0.0,0.0,0.0
00-0040255,2026,espn,0.0,0.0,0.0,0.0,0.0,0.0,0.0,0.0,0.0
00-0040258,2026,espn,0.0,0.0,0.0,0.0,0.0,0.0,0.0,0.0,0.0
00-0040259,2026,espn,0.0,0.0,0.0,0.0,0.0,0.0,0.0,0.0,0.0
00-0040261,2026,espn,0.0,0.0,0.0,0.0,0.0,0.0,0.0,0.0,0.0
00-0040263,2026,espn,0.0,0.0,0.0,0.0,0.0,0.0,0.0,0.0,0.0
00-0040277,2026,espn,0.0,0.0,0.0,0.0,0.0,3.169434305,35.53627112,0.326670233,8.683082815
00-0040279,2026,espn,0.0,0.0,0.0,0.0,0.0,0.0,0.0,0.0,0.0
00-0040296,2026,espn,0.0,0.0,0.0,0.0,0.0,0.0,0.0,0.0,0.0
00-0040311,2026,espn,0.0,0.0,0.0,0.0,0.0,0.0,0.0,0.0,0.0
00-0040326,2026,espn,0.0,0.0,0.0,0.0,0.0,0.0,0.0,0.0,0.0
00-0040328,2026,espn,0.0,0.0,0.0,0.0,0.0,0.0,0.0,0.0,0.0
00-0040329,2026,espn,0.0,0.0,0.0,0.0,0.0,0.0,0.0,0.0,0.0
00-0040339,2026,espn,0.0,0.0,0.0,0.0,0.0,0.0,0.0,0.0,0.0
00-0040342,2026,espn,0.0,0.0,0.0,0.0,0.0,0.0,0.0,0.0,0.0
00-0040347,2026,espn,0.0,0.0,0.0,0.0,0.0,0.0,0.0,0.0,0.0
00-0040371,2026,espn,0.0,0.0,0.0,0.0,0.0,0.0,0.0,0.0,0.0
00-0040384,2026,espn,0.0,0.0,0.0,0.0,0.0,0.0,0.0,0.0,0.0
00-0040397,2026,espn,0.0,0.0,0.0,0.0,0.0,0.0,0.0,0.0,0.0
00-0040398,2026,espn,0.0,0.0,0.0,0.0,0.0,0.0,0.0,0.0,0.0
00-0040416,2026,espn,0.0,0.0,0.0,0.0,0.0,0.0,0.0,0.0,0.0
00-0040429,2026,espn,0.0,0.0,0.0,0.0,0.0,0.0,0.0,0.0,0.0
00-0040471,2026,espn,0.0,0.0,0.0,0.0,0.0,0.0,0.0,0.0,0.0
00-0040489,2026,espn,0.0,0.0,0.0,0.0,0.0,0.0,0.0,0.0,0.0
00-0040492,2026,espn,0.0,0.0,0.0,0.0,0.0,0.0,0.0,0.0,0.0
00-0040496,2026,espn,0.0,0.0,0.0,0.0,0.0,0.0,0.0,0.0,0.0
00-0040506,2026,espn,0.0,0.0,0.0,0.0,0.0,0.0,0.0,0.0,0.0
00-0040530,2026,espn,0.0,0.0,0.0,0.0,0.0,0.0,0.0,0.0,0.0
00-0040534,2026,espn,0.0,0.0,0.0,0.0,0.0,0.0,0.0,0.0,0.0
00-0040546,2026,espn,0.0,0.0,0.0,0.0,0.0,0.0,0.0,0.0,0.0
00-0040563,2026,espn,0.0,0.0,0.0,0.0,0.0,3.496004289,42.67331704,0.303624005,9.585080023
00-0040566,2026,espn,0.0,0.0,0.0,0.0,0.0,3.879283248,37.37492569,0.275290959,9.268521571
00-0040574,2026,espn,0.0,0.0,0.0,0.0,0.0,0.0,0.0,0.0,0.0
00-0040577,2026,espn,0.0,0.0,0.0,0.0,0.0,0.0,0.0,0.0,0.0
00-0040578,2026,espn,0.0,0.0,0.0,0.0,0.0,0.0,0.0,0.0,0.0
00-0040579,2026,espn,0.0,0.0,0.0,0.0,0.0,0.0,0.0,0.0,0.0
00-0040580,2026,espn,0.0,0.0,0.0,0.0,0.0,0.0,0.0,0.0,0.0
00-0040581,2026,espn,0.0,0.0,0.0,0.0,0.0,6.038933986,82.97035727,0.300960121,16.141730439
00-0040582,2026,espn,0.0,0.0,0.0,23.68431861,0.19502014,0.0,0.0,0.0,3.538552701
00-0040583,2026,espn,0.0,0.0,0.0,580.5326165,2.970334366,24.15982242,199.9591065,1.334544513,128.038267994
00-0040584,2026,espn,0.0,0.0,0.0,0.0,0.0,57.72255006,499.220745,3.332595132,127.640195352
00-0040585,2026,espn,0.0,0.0,0.0,0.0,0.0,0.0,0.0,0.0,0.0
00-0040586,2026,espn,0.0,0.0,0.0,263.0003823,1.952692928,8.71593888,61.74201364,0.391807359,55.25718019599999
00-0040590,2026,espn,0.0,0.0,0.0,0.0,0.0,9.871588876,126.714971,1.14329988,29.402885256
00-0040604,2026,espn,0.0,0.0,0.0,0.0,0.0,0.0,0.0,0.0,0.0
00-0040613,2026,espn,0.0,0.0,0.0,0.0,0.0,0.0,0.0,0.0,0.0
00-0040624,2026,espn,0.0,0.0,0.0,0.0,0.0,0.0,0.0,0.0,0.0
00-0040634,2026,espn,0.0,0.0,0.0,0.0,0.0,0.0,0.0,0.0,0.0
00-0040636,2026,espn,0.0,0.0,0.0,0.0,0.0,0.0,0.0,0.0,0.0
00-0040640,2026,espn,0.0,0.0,0.0,0.0,0.0,0.0,0.0,0.0,0.0
00-0040641,2026,espn,0.0,0.0,0.0,0.0,0.0,0.0,0.0,0.0,0.0
00-0040642,2026,espn,0.0,0.0,0.0,0.0,0.0,0.0,0.0,0.0,0.0
00-0040643,2026,espn,0.0,0.0,0.0,0.0,0.0,0.0,0.0,0.0,0.0
00-0040644,2026,espn,0.0,0.0,0.0,52.39357029,0.295716811,4.116728554,29.25735596,0.142458204,14.910871269000001
00-0040645,2026,espn,0.0,0.0,0.0,0.0,0.0,0.0,0.0,0.0,0.0
00-0040646,2026,espn,0.0,0.0,0.0,0.0,0.0,6.833198774,78.31827191,0.636553305,18.484345795000003
00-0040647,2026,espn,0.0,0.0,0.0,0.0,0.0,0.0,0.0,0.0,0.0
00-0040648,2026,espn,0.0,0.0,0.0,0.0,0.0,21.61903944,298.9884311,2.311175827,65.38493751200001
00-0040654,2026,espn,0.0,0.0,0.0,0.0,0.0,0.0,0.0,0.0,0.0
00-0040660,2026,espn,0.0,0.0,0.0,0.0,0.0,0.0,0.0,0.0,0.0
00-0040662,2026,espn,0.0,0.0,0.0,0.0,0.0,0.0,0.0,0.0,0.0
00-0040663,2026,espn,0.0,0.0,0.0,21.24710439,0.325309024,83.8390552,826.0309928,3.230332907,189.90071650500002
00-0040663,2026,fantasypros,,,,,,79.9,818.7,5.4,194.17000000000002
00-0040666,2026,espn,0.0,0.0,0.0,1084.430796,9.388263998,51.61891947,363.297202,1.758074309,263.269749112
00-0040667,2026,espn,0.0,0.0,0.0,24.83471088,0.170136266,66.66773834,870.0315642,4.675459686,185.22794156000003
00-0040668,2026,espn,2437.249567,10.30309132,8.460159406,182.150683,0.907622846,0.0,0.0,0.0,145.44283452399998
00-0040669,2026,espn,0.0,0.0,0.0,0.0,0.0,23.75722086,300.7054479,3.225131026,73.178551806
00-0040670,2026,espn,0.0,0.0,0.0,0.0,0.0,0.0,0.0,0.0,0.0
00-0040672,2026,espn,0.0,0.0,0.0,0.0,0.0,0.0,0.0,0.0,0.0
00-0040676,2026,espn,3759.674754,16.60359416,10.24616572,200.8449208,2.040404692,0.0,0.0,0.0,228.63595559200002
00-0040677,2026,espn,0.0,0.0,0.0,0.0,0.0,0.0,0.0,0.0,0.0
00-0040678,2026,espn,0.0,0.0,0.0,0.0,0.0,0.0,0.0,0.0,0.0
00-0040685,2026,espn,0.0,0.0,0.0,0.0,0.0,0.0,0.0,0.0,0.0
00-0040688,2026,espn,0.0,0.0,0.0,0.0,0.0,0.0,0.0,0.0,0.0
00-0040691,2026,espn,3685.291663,20.78052742,10.14483702,552.4141273,6.455874912,0.0,0.0,0.0,304.220764362
00-0040691,2026,fantasypros,3591.4,22.3,11.1,549.1,6.5,,,,304.56600000000003
00-0040694,2026,espn,0.0,0.0,0.0,0.0,0.0,0.0,0.0,0.0,0.0
00-0040705,2026,espn,0.0,0.0,0.0,50.33596385,0.571543476,10.64083462,112.2234009,0.778895263,34.999403529000006
00-0040706,2026,espn,0.0,0.0,0.0,0.0,0.0,0.0,0.0,0.0,0.0
00-0040708,2026,espn,0.0,0.0,0.0,0.0,0.0,0.0,0.0,0.0,0.0
00-0040709,2026,espn,0.0,0.0,0.0,0.0,0.0,0.0,0.0,0.0,0.0
00-0040710,2026,espn,0.0,0.0,0.0,0.0,0.0,0.0,0.0,0.0,0.0
00-0040711,2026,espn,0.0,0.0,0.0,0.0,0.0,0.0,0.0,0.0,0.0
00-0040715,2026,espn,0.0,0.0,0.0,1007.012343,6.829842613,44.8817794,332.019825,1.472781324,228.60073982200004
00-0040716,2026,espn,0.0,0.0,0.0,0.0,0.0,0.0,0.0,0.0,0.0
00-0040718,2026,espn,0.0,0.0,0.0,10.80056474,0.073830891,41.5901426,496.6004636,3.31772012,112.6795515
00-0040719,2026,espn,0.0,0.0,0.0,993.7541184,6.718817592,33.72815361,250.2647662,1.426899846,207.004346698
00-0040720,2026,espn,0.0,0.0,0.0,0.0,0.0,0.0,0.0,0.0,0.0
00-0040721,2026,espn,0.0,0.0,0.0,0.0,0.0,0.0,0.0,0.0,0.0
00-0040722,2026,espn,0.0,0.0,0.0,0.0,0.0,0.0,0.0,0.0,0.0
00-0040723,2026,espn,0.0,0.0,0.0,0.0,0.0,0.0,0.0,0.0,0.0
00-0040724,2026,espn,0.0,0.0,0.0,0.0,0.0,0.0,0.0,0.0,0.0
00-0040725,2026,espn,0.0,0.0,0.0,0.0,0.0,0.0,0.0,0.0,0.0
00-0040727,2026,espn,0.0,0.0,0.0,0.0,0.0,34.5183312,410.531758,2.478026068,90.439663408
00-0040729,2026,espn,0.0,0.0,0.0,0.0,0.0,27.73520246,315.00991,1.184526981,66.343355346
00-0040730,2026,espn,0.0,0.0,0.0,315.9208722,2.862536897,48.72732364,366.8687999,2.555543548,149.51477351999998
00-0040731,2026,espn,0.0,0.0,0.0,0.0,0.0,0.0,0.0,0.0,0.0
00-0040733,2026,espn,0.0,0.0,0.0,0.0,0.0,0.0,0.0,0.0,0.0
00-0040734,2026,espn,0.0,0.0,0.0,836.6994341,6.68035871,38.72715795,268.5753969,1.446422038,198.015325538
00-0040735,2026,espn,0.0,0.0,0.0,49.50506319,0.396468095,75.04624562,937.1764825,5.061843238,206.464268187
00-0040736,2026,espn,0.0,0.0,0.0,0.0,0.0,32.43869885,275.7408432,1.369823979,68.231727044
00-0040737,2026,espn,0.0,0.0,0.0,0.0,0.0,45.92416378,580.2352491,5.382982928,136.245586258
00-0040738,2026,espn,0.0,0.0,0.0,0.0,0.0,0.0,0.0,0.0,0.0
00-0040739,2026,espn,0.0,0.0,0.0,0.0,0.0,24.09719073,264.216844,1.715674771,60.812923755999996
00-0040741,2026,espn,0.0,0.0,0.0,0.0,0.0,0.0,0.0,0.0,0.0
00-0040743,2026,espn,3886.031651,20.53193716,11.06798039,285.5609344,4.287664911,0.0,0.0,0.0,269.715136806
00-0040744,2026,espn,0.0,0.0,0.0,0.0,0.0,0.0,0.0,0.0,0.0
00-0040746,2026,espn,0.0,0.0,0.0,0.0,0.0,0.0,0.0,0.0,0.0
00-0040747,2026,espn,0.0,0.0,0.0,0.0,0.0,0.0,0.0,0.0,0.0
00-0040748,2026,espn,0.0,0.0,0.0,0.0,0.0,0.0,0.0,0.0,0.0
00-0040749,2026,espn,0.0,0.0,0.0,0.0,0.0,0.0,0.0,0.0,0.0
00-0040751,2026,espn,0.0,0.0,0.0,0.0,0.0,0.0,0.0,0.0,0.0
00-0040752,2026,espn,0.0,0.0,0.0,0.0,0.0,0.0,0.0,0.0,0.0
00-0040756,2026,espn,0.0,0.0,0.0,0.0,0.0,0.0,0.0,0.0,0.0
00-0040782,2026,espn,0.0,0.0,0.0,23.58964788,0.119661714,10.00343649,132.5351544,0.782158139,31.026835836
00-0040784,2026,espn,0.0,0.0,0.0,1248.861762,7.3508561,32.12963645,222.8513077,0.73288383,227.803383
00-0040865,2026,espn,0.0,0.0,0.0,0.0,0.0,0.0,0.0,0.0,0.0
00-0040867,2026,espn,0.0,0.0,0.0,0.0,0.0,52.49795808,741.3837396,4.714652712,154.92424831200003
00-0040868,2026,espn,0.0,0.0,0.0,0.0,0.0,0.0,0.0,0.0,0.0
00-0040869,2026,espn,0.0,0.0,0.0,0.0,0.0,0.0,0.0,0.0,0.0
00-0040870,2026,espn,0.0,0.0,0.0,0.0,0.0,31.53331551,484.6181035,3.478043256,100.863385396
00-0040872,2026,espn,0.0,0.0,0.0,0.0,0.0,0.0,0.0,0.0,0.0
00-0040873,2026,espn,0.0,0.0,0.0,0.0,0.0,0.0,0.0,0.0,0.0
00-0040875,2026,espn,0.0,0.0,0.0,0.0,0.0,0.0,0.0,0.0,0.0
00-0040876,2026,espn,0.0,0.0,0.0,0.0,0.0,11.12328109,165.803537,1.010357468,33.765779598
00-0040877,2026,espn,0.0,0.0,0.0,0.0,0.0,0.0,0.0,0.0,0.0
00-0040879,2026,espn,0.0,0.0,0.0,0.0,0.0,3.332106724,35.80463507,0.291691096,8.662716807
00-0040880,2026,espn,0.0,0.0,0.0,0.0,0.0,0.0,0.0,0.0,0.0
00-0040883,2026,espn,0.0,0.0,0.0,0.0,0.0,0.0,0.0,0.0,0.0
00-0040885,2026,espn,0.0,0.0,0.0,0.0,0.0,0.0,0.0,0.0,0.0
00-0040886,2026,espn,0.0,0.0,0.0,83.72196343,0.552756297,4.289821397,30.16015115,0.156302346,19.932384713
00-0040887,2026,espn,0.0,0.0,0.0,0.0,0.0,3.332106724,35.80463507,0.291691096,8.662716807
00-0040888,2026,espn,0.0,0.0,0.0,121.3396404,0.914313257,3.614784533,28.78359594,0.194814808,25.281876556999997
00-0040889,2026,espn,0.0,0.0,0.0,0.0,0.0,0.0,0.0,0.0,0.0
00-0040890,2026,espn,0.0,0.0,0.0,0.0,0.0,19.42357455,245.838535,1.546525451,53.286580756
00-0040892,2026,espn,0.0,0.0,0.0,0.0,0.0,0.0,0.0,0.0,0.0
00-0040894,2026,espn,0.0,0.0,0.0,0.0,0.0,19.43588214,244.4254426,0.790006791,48.618467146
00-0040898,2026,espn,0.0,0.0,0.0,0.0,0.0,0.0,0.0,0.0,0.0
00-0040899,2026,espn,0.0,0.0,0.0,0.0,0.0,0.0,0.0,0.0,0.0
00-0040905,2026,espn,0.0,0.0,0.0,0.0,0.0,0.0,0.0,0.0,0.0
00-0040907,2026,espn,0.0,0.0,0.0,0.0,0.0,0.0,0.0,0.0,0.0
00-0041013,2026,espn,0.0,0.0,0.0,206.3016015,1.592527296,8.408654968,59.49108092,0.392966966,46.900888782
00-0041027,2026,espn,0.0,0.0,0.0,1127.771874,6.646373231,65.15699353,488.3640651,2.242933293,280.106426584
00-0041028,2026,espn,0.0,0.0,0.0,0.0,0.0,0.0,0.0,0.0,0.0
00-0041029,2026,espn,0.0,0.0,0.0,0.0,0.0,35.56806801,484.1938139,2.703806213,100.210286678
00-0041031,2026,espn,0.0,0.0,0.0,0.0,0.0,0.0,0.0,0.0,0.0
00-0041032,2026,espn,0.0,0.0,0.0,0.0,0.0,60.96251034,629.8701198,3.972734586,147.785929836
00-0041033,2026,espn,0.0,0.0,0.0,0.0,0.0,0.0,0.0,0.0,0.0
00-0041035,2026,espn,0.0,0.0,0.0,0.0,0.0,48.94012455,745.9720641,4.48262959,150.4331085
00-0041036,2026,espn,0.0,0.0,0.0,0.0,0.0,0.0,0.0,0.0,0.0
00-0041037,2026,espn,0.0,0.0,0.0,0.0,0.0,55.4194098,694.0491337,2.971913728,142.655805538
00-0041038,2026,espn,0.0,0.0,0.0,0.0,0.0,0.0,0.0,0.0,0.0
00-0041039,2026,espn,0.0,0.0,0.0,0.0,0.0,0.0,0.0,0.0,0.0
00-0041040,2026,espn,0.0,0.0,0.0,22.35974525,0.200940086,25.92866251,344.4432032,2.270777607,77.439263513
00-0041041,2026,espn,0.0,0.0,0.0,0.0,0.0,7.790823725,74.11016993,0.480863058,18.087019066
00-0041042,2026,espn,0.0,0.0,0.0,0.0,0.0,26.29235534,321.2595976,1.749110476,68.912977956
00-0041043,2026,espn,0.0,0.0,0.0,0.0,0.0,0.0,0.0,0.0,0.0
00-0041044,2026,espn,0.0,0.0,0.0,0.0,0.0,31.41238963,381.6877169,1.891573257,80.930600862
00-0041045,2026,espn,0.0,0.0,0.0,0.0,0.0,0.0,0.0,0.0,0.0
00-0041046,2026,espn,0.0,0.0,0.0,0.0,0.0,0.0,0.0,0.0,0.0
00-0041047,2026,espn,0.0,0.0,0.0,0.0,0.0,0.0,0.0,0.0,0.0
00-0041048,2026,espn,0.0,0.0,0.0,0.0,0.0,22.79414673,294.6953123,2.127155055,65.02660829
00-0041051,2026,espn,0.0,0.0,0.0,0.0,0.0,12.47285652,153.5187398,1.216234609,35.122138154
00-0041052,2026,espn,0.0,0.0,0.0,311.4535335,2.194371052,8.150670768,62.81819371,0.359498349,60.901059894999996
00-0041054,2026,espn,0.0,0.0,0.0,0.0,0.0,0.0,0.0,0.0,0.0
00-0041055,2026,espn,0.0,0.0,0.0,0.0,0.0,0.0,0.0,0.0,0.0
00-0041056,2026,espn,143.4163452,0.767401798,0.829610219,6.653835976,0.079531564,0.0,0.0,0.0,8.2896135436
00-0041057,2026,espn,0.0,0.0,0.0,0.0,0.0,0.0,0.0,0.0,0.0
00-0041059,2026,espn,0.0,0.0,0.0,0.0,0.0,0.0,0.0,0.0,0.0
00-0041060,2026,espn,0.0,0.0,0.0,0.0,0.0,0.0,0.0,0.0,0.0
00-0041063,2026,espn,0.0,0.0,0.0,0.0,0.0,0.0,0.0,0.0,0.0
00-0041064,2026,espn,0.0,0.0,0.0,0.0,0.0,0.0,0.0,0.0,0.0
00-0041066,2026,espn,0.0,0.0,0.0,0.0,0.0,0.0,0.0,0.0,0.0
00-0041067,2026,espn,0.0,0.0,0.0,0.0,0.0,15.10022388,193.2010693,0.884635974,39.728146654
00-0041068,2026,espn,0.0,0.0,0.0,0.0,0.0,0.0,0.0,0.0,0.0
00-0041069,2026,espn,0.0,0.0,0.0,0.0,0.0,14.08143382,176.2840487,1.34282753,39.766803870000004
00-0041070,2026,espn,0.0,0.0,0.0,0.0,0.0,3.363594824,39.24707864,0.14252493,8.143452268
00-0041072,2026,espn,0.0,0.0,0.0,0.0,0.0,0.0,0.0,0.0,0.0
00-0041074,2026,espn,0.0,0.0,0.0,0.0,0.0,0.0,0.0,0.0,0.0
00-0041075,2026,espn,0.0,0.0,0.0,0.0,0.0,0.0,0.0,0.0,0.0
00-0041077,2026,espn,0.0,0.0,0.0,0.0,0.0,4.014900205,37.84544804,0.300671395,9.603473379
00-0041080,2026,espn,0.0,0.0,0.0,0.0,0.0,0.0,0.0,0.0,0.0
00-0041081,2026,espn,0.0,0.0,0.0,8.470383371,0.058940419,4.500805328,29.44056105,0.166907233,9.646985682099999
00-0041083,2026,espn,0.0,0.0,0.0,0.0,0.0,0.0,0.0,0.0,0.0
00-0041084,2026,espn,0.0,0.0,0.0,0.0,0.0,3.907259714,36.67538411,0.279583457,9.252298867
00-0041087,2026,espn,0.0,0.0,0.0,0.0,0.0,7.608874654,67.98733832,0.342997054,16.465590810000002
00-0041088,2026,espn,0.0,0.0,0.0,0.0,0.0,0.0,0.0,0.0,0.0
00-0041089,2026,espn,0.0,0.0,0.0,0.0,0.0,0.0,0.0,0.0,0.0
00-0041095,2026,espn,0.0,0.0,0.0,0.0,0.0,0.0,0.0,0.0,0.0
00-0041096,2026,espn,0.0,0.0,0.0,50.76264612,0.433410955,4.062091843,29.36753271,0.187259831,15.799134442
00-0041099,2026,espn,0.0,0.0,0.0,0.0,0.0,4.588676083,57.30978285,0.268968746,11.933466844
00-0041100,2026,espn,0.0,0.0,0.0,0.0,0.0,0.0,0.0,0.0,0.0
00-0041102,2026,espn,0.0,0.0,0.0,0.0,0.0,0.0,0.0,0.0,0.0
00-0041104,2026,espn,0.0,0.0,0.0,59.2926836,0.41258293,4.500805328,29.44056105,0.166907233,16.851070771
00-0041110,2026,espn,0.0,0.0,0.0,0.0,0.0,0.0,0.0,0.0,0.0
00-0041112,2026,espn,0.0,0.0,0.0,0.0,0.0,0.0,0.0,0.0,0.0
00-0041115,2026,espn,0.0,0.0,0.0,0.0,0.0,0.0,0.0,0.0,0.0
00-0041125,2026,espn,0.0,0.0,0.0,51.74044891,0.39507873,4.294214285,29.61523557,0.161602771,15.769871739
00-0041126,2026,espn,0.0,0.0,0.0,0.0,0.0,0.0,0.0,0.0,0.0
00-0041134,2026,espn,0.0,0.0,0.0,0.0,0.0,0.0,0.0,0.0,0.0
00-0041145,2026,espn,0.0,0.0,0.0,0.0,0.0,0.0,0.0,0.0,0.0
00-0041182,2026,espn,0.0,0.0,0.0,0.0,0.0,0.0,0.0,0.0,0.0
00-0041390,2026,espn,0.0,0.0,0.0,0.0,0.0,0.0,0.0,0.0,0.0
00-0041391,2026,espn,0.0,0.0,0.0,0.0,0.0,0.0,0.0,0.0,0.0
00-0041393,2026,espn,0.0,0.0,0.0,0.0,0.0,0.0,0.0,0.0,0.0
00-0041395,2026,espn,0.0,0.0,0.0,0.0,0.0,15.51713299,150.7583553,1.101163836,37.199951536
00-0041397,2026,espn,0.0,0.0,0.0,11.67624336,0.08268531,0.0,0.0,0.0,1.663736196
00-0041398,2026,espn,0.0,0.0,0.0,0.0,0.0,4.262157872,29.1793475,0.160247674,8.141578666000001
00-0041399,2026,espn,0.0,0.0,0.0,0.0,0.0,3.349431766,42.82195893,0.33789372,9.658989979
00-0041438,2026,espn,0.0,0.0,0.0,0.0,0.0,74.53243665,1023.637699,4.476188908,203.753339998
00-0041440,2026,espn,0.0,0.0,0.0,0.0,0.0,0.0,0.0,0.0,0.0
00-0041441,2026,espn,0.0,0.0,0.0,0.0,0.0,0.0,0.0,0.0,0.0
00-0041442,2026,espn,0.0,0.0,0.0,0.0,0.0,0.0,0.0,0.0,0.0
00-0041443,2026,espn,0.0,0.0,0.0,0.0,0.0,10.10335474,136.5087596,0.80079196,28.558982460000003
00-0041444,2026,espn,0.0,0.0,0.0,0.0,0.0,0.0,0.0,0.0,0.0
00-0041445,2026,espn,0.0,0.0,0.0,0.0,0.0,0.0,0.0,0.0,0.0
00-0041447,2026,espn,0.0,0.0,0.0,0.0,0.0,0.0,0.0,0.0,0.0
00-0041462,2026,espn,0.0,0.0,0.0,0.0,0.0,0.0,0.0,0.0,0.0
00-0041463,2026,espn,0.0,0.0,0.0,0.0,0.0,0.0,0.0,0.0,0.0
00-0041464,2026,espn,0.0,0.0,0.0,0.0,0.0,0.0,0.0,0.0,0.0
00-0041465,2026,espn,0.0,0.0,0.0,0.0,0.0,0.0,0.0,0.0,0.0
00-0041466,2026,espn,0.0,0.0,0.0,0.0,0.0,0.0,0.0,0.0,0.0
00-0041467,2026,espn,0.0,0.0,0.0,0.0,0.0,0.0,0.0,0.0,0.0
00-0041469,2026,espn,0.0,0.0,0.0,0.0,0.0,0.0,0.0,0.0,0.0
00-0041470,2026,espn,0.0,0.0,0.0,0.0,0.0,0.0,0.0,0.0,0.0
00-0041471,2026,espn,0.0,0.0,0.0,0.0,0.0,0.0,0.0,0.0,0.0
00-0041472,2026,espn,0.0,0.0,0.0,0.0,0.0,3.959867348,36.05939163,0.222418762,8.900319083
00-0041478,2026,espn,0.0,0.0,0.0,0.0,0.0,0.0,0.0,0.0,0.0
00-0041479,2026,espn,0.0,0.0,0.0,0.0,0.0,0.0,0.0,0.0,0.0
00-0041483,2026,espn,0.0,0.0,0.0,19.891909,0.171939574,10.7559937,106.8972951,0.774689079,29.114686027999998
00-0041489,2026,espn,0.0,0.0,0.0,11.67624336,0.08268531,40.42462088,504.3513355,2.774314719,109.16937894000002
00-0041494,2026,espn,0.0,0.0,0.0,0.0,0.0,0.0,0.0,0.0,0.0
00-0041495,2026,espn,0.0,0.0,0.0,0.0,0.0,0.0,0.0,0.0,0.0
00-0041496,2026,espn,0.0,0.0,0.0,272.3946848,2.112071805,17.4377949,126.6297031,0.795119447,74.783381202
00-0041497,2026,espn,0.0,0.0,0.0,0.0,0.0,0.0,0.0,0.0,0.0
00-0041501,2026,espn,0.0,0.0,0.0,0.0,0.0,0.0,0.0,0.0,0.0
00-0041502,2026,espn,0.0,0.0,0.0,0.0,0.0,0.0,0.0,0.0,0.0
00-0041503,2026,espn,0.0,0.0,0.0,0.0,0.0,7.814519428,73.59267468,0.559166914,18.528788379999998
00-0041508,2026,espn,0.0,0.0,0.0,0.0,0.0,0.0,0.0,0.0,0.0
00-0041509,2026,espn,0.0,0.0,0.0,0.0,0.0,0.0,0.0,0.0,0.0
00-0041510,2026,espn,0.0,0.0,0.0,0.0,0.0,4.0219963,38.16325038,0.358740619,9.990765052
00-0041511,2026,espn,0.0,0.0,0.0,11.98338214,0.106692921,32.8694366,394.9936821,2.219114492,87.521987502
00-0041512,2026,espn,0.0,0.0,0.0,922.4812864,7.901359757,27.06176048,212.373312,1.252976056,195.473235198
00-0041518,2026,espn,0.0,0.0,0.0,0.0,0.0,0.0,0.0,0.0,0.0
00-0041522,2026,espn,0.0,0.0,0.0,0.0,0.0,0.0,0.0,0.0,0.0
00-0041523,2026,espn,0.0,0.0,0.0,0.0,0.0,43.89558102,584.5561227,2.141757775,115.20173994
00-0041524,2026,espn,0.0,0.0,0.0,0.0,0.0,18.09957795,174.369898,0.757841441,40.083616396000004
00-0041525,2026,espn,0.0,0.0,0.0,0.0,0.0,27.38429078,356.9883679,1.32702586,71.04528273
00-0041526,2026,espn,0.0,0.0,0.0,0.0,0.0,0.0,0.0,0.0,0.0
00-0041527,2026,espn,0.0,0.0,0.0,0.0,0.0,0.0,0.0,0.0,0.0
00-0041528,2026,espn,0.0,0.0,0.0,0.0,0.0,0.0,0.0,0.0,0.0
00-0041529,2026,espn,0.0,0.0,0.0,0.0,0.0,12.78071579,161.0387545,0.409767098,31.343193827999997
00-0041531,2026,espn,0.0,0.0,0.0,0.0,0.0,0.0,0.0,0.0,0.0
00-0041533,2026,espn,0.0,0.0,0.0,0.0,0.0,0.0,0.0,0.0,0.0
00-0041537,2026,espn,0.0,0.0,0.0,0.0,0.0,0.0,0.0,0.0,0.0
00-0041538,2026,espn,0.0,0.0,0.0,0.0,0.0,0.0,0.0,0.0,0.0
00-0041543,2026,espn,0.0,0.0,0.0,0.0,0.0,0.0,0.0,0.0,0.0
00-0041544,2026,espn,0.0,0.0,0.0,0.0,0.0,0.0,0.0,0.0,0.0
00-0041545,2026,espn,0.0,0.0,0.0,0.0,0.0,0.0,0.0,0.0,0.0
00-0041546,2026,espn,0.0,0.0,0.0,0.0,0.0,0.0,0.0,0.0,0.0
00-0041547,2026,espn,0.0,0.0,0.0,34.96445471,0.206494955,58.67937509,738.9375877,3.146732182,156.188942153
00-0041549,2026,espn,0.0,0.0,0.0,0.0,0.0,0.0,0.0,0.0,0.0
00-0041550,2026,espn,0.0,0.0,0.0,11.33324509,0.100696091,9.532438621,121.6640469,0.711708851,27.706597472
00-0041552,2026,espn,0.0,0.0,0.0,0.0,0.0,0.0,0.0,0.0,0.0
00-0041553,2026,espn,0.0,0.0,0.0,0.0,0.0,0.0,0.0,0.0,0.0
00-0041555,2026,espn,0.0,0.0,0.0,0.0,0.0,0.0,0.0,0.0,0.0
00-0041556,2026,espn,0.0,0.0,0.0,0.0,0.0,0.0,0.0,0.0,0.0
00-0041557,2026,espn,0.0,0.0,0.0,0.0,0.0,0.0,0.0,0.0,0.0
00-0041558,2026,espn,0.0,0.0,0.0,0.0,0.0,3.645063338,33.77632578,0.281117925,8.709403466
00-0041561,2026,espn,450.5173533,2.56952829,1.501356342,29.42556969,0.285532202,0.0,0.0,0.0,29.951844789000006
00-0041562,2026,espn,3058.869063,14.17795709,10.51116325,226.1100355,1.918352408,0.0,0.0,0.0,192.165382378
00-0041563,2026,espn,0.0,0.0,0.0,0.0,0.0,0.0,0.0,0.0,0.0
00-0041565,2026,espn,160.297133,0.857736379,0.495802251,5.650407911,0.053908984,0.0,0.0,0.0,9.739721029100002
00-0041568,2026,espn,146.3434455,1.19438942,0.585870895,4.825146053,0.061705171,0.0,0.0,0.0,10.312299341300001
00-0041569,2026,espn,0.0,0.0,0.0,0.0,0.0,0.0,0.0,0.0,0.0
BAI173035,2026,espn,0.0,0.0,0.0,0.0,0.0,0.0,0.0,0.0,0.0
WAS569019,2026,espn,0.0,0.0,0.0,362.2225708,2.230929709,8.384069899,59.97886433,0.273240022,65.629231798
